timestamp,open,high,low,close,volume
1506988800,140.0,140.79,139.67,140.33,5038693
1507075200,140.33,141.0,139.33,140.04,6354854
1507161600,139.88,143.0,139.83,142.58,13895436
1507248000,142.71,148.33,142.63,146.71,18944219
1507507200,145.79,148.0,145.13,145.75,6961627
1507593600,145.75,146.54,145.25,146.25,5929921
1507680000,146.75,147.71,145.21,145.71,5036053
1507766400,145.83,149.08,145.83,147.25,19542392
1507852800,148.33,148.67,145.67,146.54,6797923
1508112000,146.67,147.63,145.75,146.21,2658920
1508198400,146.42,147.08,144.79,146.58,23635226
1508284800,146.92,150.0,145.83,148.38,8205377
1508371200,148.67,148.75,145.17,145.88,556915
1508716800,145.88,148.25,144.71,147.46,6443756
1508803200,147.5,152.42,146.88,151.38,14176243
1508889600,151.58,154.46,151.5,152.79,10983906
1508976000,152.71,154.25,152.08,153.88,11019600
1509062400,153.75,156.67,151.04,151.63,7227377
1509321600,151.75,152.63,151.75,152.17,5224492
1509408000,152.5,152.67,150.08,151.04,9992201
1509494400,151.0,153.75,150.04,150.63,9539526
1509580800,147.58,150.71,147.42,150.21,7958056
1509667200,149.17,153.25,149.17,151.63,10815914
1509926400,151.58,151.58,148.88,149.38,4282537
1510012800,149.75,150.67,147.63,148.67,10390363
1510099200,148.25,149.33,146.54,146.96,7184114
1510185600,147.13,149.79,147.13,148.38,5041655
1510272000,148.21,148.67,146.29,147.13,6573186
1510531200,148.38,149.13,146.88,147.46,5605168
1510617600,147.92,151.54,146.88,147.54,11136588
1510704000,147.04,147.46,144.63,145.17,8244418
1510790400,146.25,148.67,145.08,147.04,8639273
1510876800,148.42,150.04,146.75,147.96,8639323
1511136000,147.63,150.96,147.63,150.38,5624825
1511222400,150.67,154.83,150.5,152.46,12956513
1511308800,153.38,154.17,150.96,151.54,7199914
1511395200,151.58,152.08,149.13,150.33,6313909
1511481600,150.0,151.46,149.25,150.25,4985976
1511740800,150.0,155.71,149.67,155.29,12239492
1511827200,154.96,154.96,151.96,152.33,21490924
1511913600,153.17,153.67,151.33,151.67,14803374
1512000000,150.83,152.54,149.96,150.96,21081258
1512086400,152.33,153.08,150.42,151.08,5247830
1512345600,151.58,151.88,149.71,150.17,10381373
1512432000,149.63,149.63,146.92,147.58,9543514
1512518400,146.71,148.13,145.58,146.38,10349719
1512604800,147.5,151.21,145.92,150.25,13097042
1512691200,148.42,151.38,148.38,150.33,13832593
1512950400,151.33,151.67,148.08,148.63,8522902
1513036800,148.08,148.21,145.75,146.58,9448897
1513123200,147.25,147.5,146.13,146.71,8234570
1513209600,146.75,148.25,144.63,147.75,8551278
1513296000,148.42,148.83,146.75,147.88,6455801
1513555200,146.17,148.54,144.88,148.13,6610290
1513641600,148.21,150.29,147.46,150.04,7419950
1513728000,150.17,150.33,148.08,148.71,5873828
1513814400,149.04,150.29,148.75,150.08,6576799
1513900800,149.58,150.54,149.33,149.79,3793356
1514246400,150.42,150.42,147.42,148.71,11741057
1514332800,148.71,150.25,147.17,147.92,7842160
1514419200,148.25,148.92,146.29,146.79,17995457
1514505600,147.46,148.54,146.5,147.5,8900653
1514764800,147.54,147.79,146.42,147.13,6689762
1514851200,147.33,149.38,147.13,149.08,10171537
1514937600,149.58,150.25,147.29,147.54,12409998
1515024000,147.88,148.25,147.13,147.58,8712322
1515110400,147.75,148.54,147.08,147.92,12431070
1515369600,148.0,148.75,147.42,148.04,7290126
1515456000,148.25,148.67,146.46,147.25,7868696
1515542400,146.83,147.33,144.5,144.96,9836608
1515628800,145.0,145.75,144.17,144.58,6643372
1515715200,144.75,145.08,143.17,143.75,8369302
1515974400,144.17,146.17,143.17,144.13,5463838
1516060800,144.67,145.5,142.17,144.38,10138001
1516147200,144.33,145.71,142.38,145.21,7596332
1516233600,145.71,145.71,143.04,143.46,8280382
1516320000,143.38,144.54,141.83,143.96,3836698
1516579200,144.17,144.42,142.88,143.67,5422626
1516665600,143.42,146.88,143.42,143.92,6478592
1516752000,143.88,145.58,143.0,145.0,11677422
1516838400,144.63,146.25,142.83,143.29,13565393
1517184000,143.33,143.96,142.08,142.54,12918822
1517270400,142.54,143.75,141.5,141.92,9204886
1517356800,141.67,142.46,140.63,141.88,7820538
1517443200,141.04,141.5,139.5,140.88,11024756
1517529600,139.58,140.46,137.33,137.67,4803743
1517788800,135.0,139.5,135.0,138.54,7129994
1517875200,135.0,138.33,134.38,137.75,4853142
1517961600,137.08,138.54,132.38,137.88,11374195
1518048000,137.88,138.13,135.83,136.42,7486768
1518134400,135.38,136.71,133.75,136.04,4518222
1518393600,136.5,137.75,135.08,137.42,10466477
1518566400,137.5,138.08,135.13,135.79,4921964
1518652800,136.21,136.96,135.54,136.0,2581964
1518739200,136.25,136.5,135.04,135.67,7340724
1518998400,136.13,136.38,134.54,135.75,2634882
1519084800,135.29,137.58,135.08,136.83,6225978
1519171200,137.5,137.5,134.58,135.25,9316350
1519257600,134.92,135.25,133.46,133.96,5934737
1519344000,134.21,136.67,134.04,136.29,4571213
1519603200,136.33,136.38,134.58,135.79,3486712
1519689600,136.67,138.33,135.46,137.96,3844933
1519776000,136.67,137.67,135.46,136.04,5257829
1519862400,136.42,136.46,135.0,135.83,2576112
1520208000,134.58,137.58,133.38,136.08,3945470
1520294400,136.92,137.46,135.17,136.13,6137705
1520380800,135.83,137.25,134.92,136.25,3130801
1520467200,136.67,138.33,135.21,137.75,5446693
1520553600,137.58,137.75,135.46,137.0,4485286
1520812800,137.33,143.96,136.75,142.63,3493402
1520899200,141.17,142.29,139.42,141.17,3752316
1520985600,141.08,141.79,140.13,141.42,4448884
1521072000,140.83,141.79,139.42,141.58,4383296
1521158400,139.83,141.21,136.38,137.38,14854450
1521417600,137.5,139.92,136.38,139.17,6026004
1521504000,138.67,139.42,137.21,138.67,3780434
1521590400,139.58,142.38,138.04,141.96,6866022
1521676800,140.83,142.67,140.42,142.46,4472314
1521763200,140.75,143.17,140.25,141.71,10827793
1522022400,141.63,142.5,140.63,141.54,6600055
1522108800,141.88,142.92,140.38,142.54,4195294
1522195200,142.25,142.5,138.71,141.42,10138818
1522627200,141.58,142.38,140.08,142.0,3367126
1522713600,142.33,143.25,140.5,141.13,4460794
1522800000,140.96,141.13,137.92,138.79,3998232
1522886400,139.17,141.46,139.0,140.79,3916746
1522972800,140.33,141.67,139.29,141.21,3134724
1523232000,140.83,142.04,140.38,141.38,3930803
1523318400,141.58,142.0,140.13,140.33,2607238
1523404800,141.08,142.17,139.75,140.42,6787895
1523491200,140.08,141.54,139.46,141.25,6867020
1523577600,141.33,143.08,140.96,142.46,3483164
1523836800,141.33,145.75,141.33,145.08,3694548
1523923200,145.38,148.17,145.08,147.46,6699236
1524009600,147.08,150.0,146.96,148.79,4948994
1524096000,149.17,149.67,147.5,147.96,3141239
1524182400,148.29,148.29,144.38,145.29,3495887
1524441600,145.04,146.25,144.29,144.67,3569026
1524528000,144.63,145.54,143.42,144.04,2003576
1524614400,144.0,144.04,141.25,143.21,5424140
1524700800,143.88,144.88,141.29,143.33,5347538
1524787200,143.83,143.96,141.17,142.29,9327048
1525046400,142.67,144.29,141.5,143.46,2290147
1525219200,143.96,143.96,141.5,142.0,2610385
1525305600,142.29,146.83,141.71,145.25,3549041
1525392000,145.17,145.17,142.17,142.42,3371296
1525651200,142.63,143.58,141.67,142.08,5823535
1525737600,142.54,143.33,141.88,142.83,3453937
1525824000,142.13,143.67,141.58,142.0,10928712
1525910400,142.83,143.08,139.88,140.42,9844190
1525996800,140.0,141.88,139.08,139.54,15561708
1526256000,139.58,144.08,138.25,143.04,7046984
1526342400,141.88,144.96,141.08,141.75,5782709
1526428800,142.13,143.08,140.42,141.67,3899072
1526515200,141.75,142.58,138.83,139.25,6783446
1526601600,138.75,140.08,138.13,138.83,5496431
1526860800,138.33,139.33,135.58,137.0,3879174
1526947200,136.88,139.96,136.67,137.63,4612272
1527033600,137.33,139.96,137.13,138.79,3475721
1527120000,138.88,139.83,136.88,137.54,2379880
1527206400,137.83,140.08,137.42,137.75,7705691
1527465600,138.38,141.54,137.96,139.75,11540245
1527552000,140.71,141.17,137.25,138.29,7141778
1527638400,137.08,140.29,137.0,137.75,5414081
1527724800,137.92,142.04,136.75,139.63,29432894
1527811200,139.58,139.58,136.42,136.96,2975864
1528070400,137.33,137.83,134.88,135.04,5021538
1528156800,134.58,135.46,133.33,134.42,2369418
1528243200,134.5,135.88,133.54,135.42,3647491
1528329600,135.0,136.25,134.83,135.42,4624826
1528416000,135.21,135.42,134.0,134.54,2199740
1528675200,134.58,135.5,134.38,134.79,4838495
1528761600,135.0,135.46,134.08,134.42,3082810
1528848000,134.58,134.71,133.33,133.54,6527995
1528934400,133.5,133.5,131.67,132.0,6200255
1529020800,132.08,132.25,128.79,130.04,10800649
1529280000,130.29,131.5,129.92,130.83,2289944
1529366400,131.13,131.13,128.46,130.13,5222522
1529452800,130.67,131.42,129.92,130.88,7262453
1529539200,131.42,131.42,129.08,129.38,9600354
1529625600,129.17,131.83,128.08,131.08,5141890
1529884800,130.88,131.42,127.79,128.88,8198617
1529971200,128.71,130.25,127.96,129.67,6173371
1530057600,130.38,130.38,126.33,128.17,7083916
1530144000,127.5,131.58,124.58,130.33,15010362
1530230400,129.46,134.08,128.0,133.04,6659237
1530489600,132.5,132.63,126.17,127.96,15954402
1530576000,128.33,129.54,126.33,129.17,7506727
1530662400,129.13,129.88,127.08,127.42,11418056
1530748800,127.38,127.92,126.42,126.79,4155312
1530835200,127.0,127.04,124.88,125.13,10642271
1531094400,125.25,126.58,125.21,126.04,5759994
1531180800,126.67,128.54,126.08,128.25,3890374
1531267200,127.33,128.13,126.46,127.25,4037034
1531353600,128.33,128.92,127.04,128.38,3424966
1531440000,128.5,129.58,126.58,127.46,3615536
1531699200,127.5,130.83,126.71,129.67,4117044
1531785600,129.17,130.0,127.54,129.42,2670881
1531872000,129.96,130.08,127.33,129.38,2892637
1531958400,129.17,129.88,127.88,128.79,3163729
1532044800,128.33,130.0,128.33,129.71,3659897
1532304000,129.42,133.0,129.42,131.79,6286406
1532390400,131.67,132.46,130.33,131.21,4224482
1532476800,130.0,130.96,124.88,125.83,15232765
1532563200,126.21,128.21,125.0,127.79,17803996
1532649600,127.5,129.38,126.75,129.13,5766367
1532908800,130.83,131.17,128.38,129.92,9747265
1532995200,129.88,132.33,128.54,129.04,9065227
1533081600,129.0,130.0,127.29,129.46,4903117
1533168000,128.92,129.79,128.46,129.5,3895180
1533254400,129.88,130.92,129.5,130.38,3276529
1533513600,130.75,131.67,130.0,130.63,2395237
1533600000,130.83,133.25,130.29,132.38,4450873
1533686400,132.92,133.13,131.33,131.88,4151246
1533772800,132.0,134.46,130.67,133.92,4915016
1533859200,134.17,134.54,131.88,132.96,4518788
1534118400,132.5,132.54,130.46,131.67,2702390
1534204800,131.5,132.29,130.42,130.75,2030045
1534377600,130.75,132.5,130.13,132.13,2153881
1534464000,132.5,133.54,131.38,131.67,4672156
1534723200,131.92,133.42,131.67,132.13,3448567
1534809600,133.0,134.75,131.33,134.04,5279408
1534982400,134.33,137.5,133.42,136.96,7704134
1535068800,137.17,139.71,136.38,136.92,5436786
1535328000,137.42,139.04,136.67,138.46,2630486
1535414400,138.88,145.46,138.63,140.25,8727239
1535500800,141.21,141.21,137.92,138.38,3769664
1535587200,137.96,142.29,137.96,141.42,13384598
1535673600,141.21,143.92,140.83,142.92,8445506
1535932800,143.75,144.0,139.5,141.25,4592968
1536019200,141.25,142.08,139.5,140.08,3016566
1536105600,139.75,142.0,138.75,139.96,2837060
1536192000,138.33,142.25,138.04,140.75,7658861
1536278400,142.08,142.13,138.25,141.29,3585828
1536537600,141.58,142.79,140.13,141.0,5871138
1536624000,140.88,143.13,140.63,141.46,9709410
1536710400,142.0,143.0,139.04,141.67,7109566
1536883200,142.0,145.92,142.0,145.79,7340734
1537142400,145.83,146.17,142.58,143.54,2792490
1537228800,144.33,145.38,140.92,141.42,3646319
1537315200,142.5,143.29,140.0,140.96,5092003
1537488000,141.0,144.83,139.04,140.21,9597428
1537747200,140.17,142.33,138.58,139.92,6216533
1537833600,140.96,142.08,137.0,141.67,6496966
1537920000,143.0,143.0,138.33,139.83,3591889
1538006400,140.13,141.67,138.75,139.96,6718630
1538092800,139.96,141.42,138.33,139.04,5444684
1538352000,139.58,141.92,138.46,141.33,4950124
1538524800,140.67,140.71,138.42,139.46,5780126
1538611200,138.67,140.5,137.29,139.0,6563495
1538697600,138.83,139.92,133.79,135.75,13292940
1538956800,134.5,137.42,132.88,136.21,4637569
1539043200,137.33,137.5,134.08,134.75,5756459
1539129600,134.75,138.88,134.38,136.96,3411682
1539216000,135.0,138.08,134.42,135.96,3668989
1539302400,136.58,137.79,135.88,136.83,4147903
1539561600,136.88,137.96,136.42,137.21,2191492
1539648000,137.21,137.79,135.08,136.63,3857880
1539734400,137.13,138.08,135.17,135.75,5369029
1539907200,135.5,137.71,133.58,134.54,6202960
1540166400,135.88,139.92,135.08,137.38,6407975
1540252800,136.79,138.33,135.46,137.5,7316558
1540339200,138.33,138.96,133.08,135.88,12856915
1540425600,135.42,137.46,131.08,135.25,94631477
1540512000,132.46,133.54,129.0,132.75,9339922
1540771200,132.96,133.29,131.08,132.46,6963919
1540857600,132.58,134.21,130.71,132.83,3257071
1540944000,133.33,134.08,129.38,133.04,6069515
1541030400,133.13,133.54,130.63,130.83,2992327
1541116800,131.58,132.79,130.04,131.67,11487762
1541376000,131.25,131.25,126.42,127.92,18263054
1541462400,128.29,128.92,126.96,128.46,6223800
1541548800,129.17,129.21,128.75,129.04,212176
1541721600,129.63,129.67,127.92,128.71,8098182
1541980800,128.58,129.54,127.08,127.33,3916333
1542067200,127.08,131.5,126.96,130.67,7903865
1542153600,130.83,133.83,130.33,131.13,3853853
1542240000,131.63,132.63,127.83,128.17,4538966
1542326400,127.67,129.58,127.5,128.38,5166086
1542585600,128.33,128.75,126.58,127.46,6879644
1542672000,127.0,127.58,123.75,124.29,4600114
1542758400,124.29,124.88,122.63,123.21,7625525
1542844800,123.13,123.67,121.33,121.67,3684871
1543190400,122.0,122.46,118.08,120.58,6534517
1543276800,120.42,122.33,119.38,121.46,4866688
1543363200,122.46,122.96,118.33,119.54,17823474
1543449600,119.88,121.46,117.38,118.54,30727318
1543536000,118.33,118.83,114.63,116.92,29840663
1543795200,116.96,121.38,116.67,120.75,12013042
1543881600,120.63,120.63,118.33,119.33,6785000
1543968000,119.13,120.75,116.0,117.54,8833966
1544054400,117.25,118.5,115.17,116.5,5460773
1544140800,116.67,117.58,113.79,114.88,13240541
1544400000,113.25,116.04,112.25,113.5,34436070
1544486400,111.71,115.04,111.71,114.46,13406569
1544572800,114.96,118.0,114.08,117.25,12274362
1544659200,117.79,118.33,116.46,117.54,10636546
1544745600,117.5,120.13,116.33,119.58,13732577
1545004800,125.0,126.13,120.63,121.75,21749590
1545091200,121.67,123.67,121.04,123.08,13037010
1545177600,123.63,125.25,122.71,124.83,8182075
1545264000,123.83,124.96,122.21,124.42,13909968
1545350400,124.58,126.17,123.54,125.46,18956933
1545609600,125.0,125.46,121.0,122.0,8506178
1545782400,121.83,123.63,120.21,121.29,10358387
1545868800,122.25,124.79,120.17,123.58,32905858
1545955200,122.88,126.33,122.08,124.88,11010662
1546214400,124.83,125.04,123.42,124.21,5010889
1546300800,124.13,124.67,122.0,123.92,4011083
1546387200,123.29,123.92,121.79,122.5,5201080
1546473600,122.5,122.83,119.04,119.5,7035283
1546560000,119.96,121.92,118.54,121.46,7988112
1546819200,121.88,124.75,121.79,123.83,14121844
1546905600,123.33,124.58,121.67,122.46,6656693
1546992000,122.5,123.71,121.17,122.13,4636543
1547078400,122.46,124.63,122.29,123.42,15340801
1547164800,123.33,125.25,122.67,123.33,13579930
1547424000,123.33,123.63,121.0,121.29,5010679
1547510400,121.67,122.04,120.13,121.5,14730974
1547596800,121.92,123.75,121.42,121.96,5679378
1547683200,122.42,123.04,120.21,120.75,7529166
1547769600,121.08,122.0,120.0,120.25,3100313
1548028800,122.08,122.29,118.88,119.5,13187677
1548115200,119.92,119.92,118.33,119.0,7074433
1548201600,119.08,119.67,116.92,117.29,5323553
1548288000,117.29,118.42,115.92,116.71,4250377
1548374400,117.08,118.25,115.04,115.25,5463236
1548633600,115.42,116.25,113.88,115.5,7303346
1548720000,115.5,116.17,114.5,115.42,9728281
1548806400,116.17,117.0,115.08,115.58,13777793
1548892800,117.08,117.67,115.83,116.42,44034840
1548979200,116.67,117.08,115.67,116.79,7099405
1549238400,116.75,117.0,113.96,114.38,6716304
1549324800,114.17,115.33,113.5,115.04,8526400
1549411200,113.17,114.79,112.5,114.25,12810810
1549497600,114.17,115.0,112.58,113.29,5193514
1549584000,112.83,114.5,109.63,110.04,5597162
1549843200,109.96,111.08,107.17,108.63,13126865
1549929600,108.38,111.63,108.33,111.04,14900754
1550016000,111.04,111.75,106.67,109.25,13871262
1550102400,109.17,111.08,106.75,109.38,37913966
1550188800,110.0,114.5,110.0,113.54,25855830
1550448000,113.17,117.0,112.46,114.54,13001166
1550534400,114.25,114.92,110.38,111.42,9029095
1550620800,111.83,115.75,110.25,114.33,14955330
1550707200,114.83,115.42,112.92,113.71,4719134
1550793600,113.96,116.88,112.5,116.42,11678731
1551052800,116.33,117.5,113.54,116.96,27557788
1551139200,114.33,117.67,113.58,117.13,15501730
1551225600,116.08,119.13,115.13,115.63,18258775
1551312000,116.83,118.92,115.25,117.71,50183582
1551398400,118.08,119.79,118.04,119.17,6789074
1551744000,119.17,123.5,119.17,122.5,12988303
1551830400,123.08,124.58,122.58,124.13,10313296
1551916800,124.25,125.5,121.25,121.83,8337421
1552003200,122.92,129.0,121.13,126.83,34663172
1552262400,127.5,133.58,124.58,126.17,30007645
1552348800,125.67,130.29,125.17,126.04,23315045
1552435200,125.83,125.88,120.83,123.5,20943115
1552521600,124.08,129.08,123.42,128.04,14675396
1552608000,128.83,132.71,127.21,131.71,20356744
1552867200,131.54,134.0,129.79,132.29,19289406
1552953600,133.95,137.3,130.4,134.9,25950621
1553040000,135.8,136.0,128.1,129.25,28098992
1553212800,131.0,136.2,129.7,134.65,53779933
1553472000,133.85,137.5,133.75,135.35,31535535
1553558400,136.0,142.0,136.0,140.8,23510777
1553644800,140.9,140.9,136.2,137.0,20849776
1553731200,137.5,139.35,135.1,135.75,41232946
1553817600,137.15,140.55,132.7,134.7,47265221
1554076800,136.4,137.5,133.55,135.1,26716877
1554163200,136.05,136.7,134.0,135.15,14343829
1554249600,135.95,137.5,134.0,134.8,12596804
1554336000,134.8,136.8,134.45,135.65,12939086
1554422400,135.55,136.45,134.4,134.8,7742848
1554681600,134.9,136.8,134.55,135.55,13409083
1554768000,135.5,136.45,135.05,135.9,7506763
1554854400,136.25,137.0,134.3,134.6,9502300
1554940800,134.95,136.4,134.4,135.95,8703097
1555027200,136.0,136.5,135.2,135.95,7212573
1555286400,136.25,138.3,135.4,136.75,11013801
1555372800,137.4,138.15,136.5,137.55,7469500
1555545600,137.5,137.85,135.05,135.35,6634192
1555891200,135.1,136.4,134.35,136.0,5541225
1555977600,136.0,136.1,133.25,133.65,8790522
1556064000,133.65,134.45,132.3,133.95,9255095
1556150400,134.0,135.35,132.3,132.9,29354749
1556236800,133.45,135.1,133.35,134.1,4789673
1556582400,134.25,134.8,131.45,134.05,7527996
1556755200,133.3,133.9,132.1,133.1,6401386
1556841600,133.1,136.65,133.0,135.45,9226969
1557100800,135.0,135.6,133.7,135.0,6080575
1557187200,135.45,136.2,133.6,134.1,9137799
1557273600,133.85,134.0,130.2,130.8,8742473
1557360000,130.75,130.8,126.4,127.7,14395488
1557446400,128.45,128.75,126.25,127.0,9724014
1557705600,126.9,127.0,123.0,123.55,11507204
1557792000,123.7,126.5,122.4,125.6,6908544
1557878400,126.3,126.9,123.0,123.95,9384447
1557964800,124.85,126.35,123.25,125.75,6519422
1558051200,124.75,126.6,124.0,125.5,10003051
1558310400,128.2,130.1,125.6,129.25,12330905
1558396800,129.7,129.75,127.75,128.6,8095621
1558483200,128.6,130.45,127.4,129.6,9540723
1558569600,130.6,133.45,129.35,129.85,11017547
1558656000,130.5,131.0,128.55,129.15,9371443
1558915200,132.4,136.6,130.15,133.2,19948676
1559001600,133.95,134.75,131.7,132.6,15628186
1559088000,132.0,133.25,130.2,130.9,5397986
1559174400,131.05,135.6,131.05,135.1,30257040
1559260800,135.25,136.05,132.3,133.25,11325445
1559520000,134.4,134.8,132.7,133.1,7302092
1559606400,133.15,136.35,133.15,135.05,10439893
1559779200,135.15,137.0,132.8,136.55,12191883
1559865600,137.0,137.5,134.5,135.15,9310029
1560124800,135.2,137.1,134.35,135.0,7295669
1560211200,135.4,136.65,133.75,135.3,4554162
1560297600,135.0,135.7,133.3,134.4,3660802
1560384000,134.5,135.85,133.3,134.9,5113806
1560470400,134.95,135.5,132.4,132.75,4761596
1560729600,133.45,133.85,131.4,132.25,3655275
1560816000,132.6,133.35,131.9,132.4,5172138
1560902400,132.5,135.25,132.5,134.65,5278372
1560988800,134.6,135.25,133.6,134.55,6963441
1561075200,134.85,135.2,134.05,134.55,9456244
1561334400,134.7,136.0,133.75,135.6,5918107
1561420800,135.95,139.7,135.15,138.45,18761799
1561507200,139.5,141.9,139.3,140.05,24643824
1561593600,141.05,142.0,139.05,140.15,38789825
1561680000,140.1,141.85,139.5,141.35,10648757
1561939200,142.2,145.85,138.65,142.55,31289422
1562025600,143.0,144.4,142.55,142.95,8847109
1562112000,143.85,144.4,142.65,143.25,6947927
1562198400,144.45,144.45,142.35,143.45,5792826
1562284800,142.8,143.8,135.4,136.5,21459265
1562544000,136.6,136.6,128.55,129.6,20404790
1562630400,128.45,132.0,127.6,129.55,19374808
1562716800,129.0,131.0,128.65,129.05,9141198
1562803200,130.25,130.9,128.6,128.95,6669919
1562889600,129.85,132.45,126.45,127.8,21467991
1563148800,128.0,128.95,127.3,127.95,5852788
1563235200,128.8,131.4,128.0,130.95,11313969
1563321600,131.6,132.15,128.7,129.1,10958942
1563408000,130.1,130.95,126.4,127.05,18049102
1563494400,127.95,131.0,126.05,129.9,33840376
1563753600,130.5,132.65,127.65,130.85,15870663
1563840000,131.45,133.45,130.5,133.05,9840729
1563926400,133.55,133.55,130.7,131.85,10421947
1564012800,132.0,132.85,128.4,129.75,29337351
1564099200,130.4,130.4,128.25,128.8,11411885
1564358400,128.0,128.8,126.75,127.3,22168687
1564444800,126.65,128.65,126.1,127.2,16228044
1564531200,126.2,127.35,125.5,126.55,14557889
1564617600,126.4,127.75,125.15,126.85,11138203
1564704000,126.2,126.9,122.45,123.1,21851409
1564963200,122.4,123.45,120.45,121.0,8713907
1565049600,120.0,124.9,119.75,123.35,13232442
1565136000,123.0,124.95,122.1,123.05,13132981
1565222400,123.15,125.15,122.2,124.65,8227791
1565308800,124.6,126.65,123.15,123.9,10566552
1565654400,123.0,123.0,114.75,117.15,25954194
1565740800,117.25,119.0,116.55,117.6,8641527
1565913600,117.4,119.3,116.6,117.8,10992249
1566172800,118.35,120.45,117.6,118.9,9653434
1566259200,119.0,120.25,117.35,117.95,7758935
1566345600,118.0,119.6,117.45,117.9,12842739
1566432000,118.0,118.4,113.85,114.75,16991585
1566518400,115.0,118.95,114.1,118.5,9284204
1566777600,119.0,120.6,117.7,120.05,11965007
1566864000,120.15,125.4,120.15,123.2,22238086
1566950400,123.8,124.7,119.45,119.9,11905383
1567036800,118.75,124.15,117.9,123.1,38336134
1567123200,122.9,123.65,115.6,121.65,18833819
1567468800,121.95,121.95,117.15,117.65,7635093
1567555200,118.0,119.9,116.65,119.45,7299231
1567641600,119.85,129.65,119.85,123.45,19432303
1567728000,123.45,127.8,123.3,127.0,11891983
1567987200,127.3,127.95,125.2,126.35,5303272
1568160000,126.5,127.55,123.85,124.5,5473674
1568246400,124.0,124.75,121.6,122.25,8444053
1568332800,122.35,124.3,121.25,124.05,7509999
1568592000,123.35,124.15,121.85,123.25,5593727
1568678400,122.85,123.15,120.55,120.9,5663425
1568764800,121.55,122.85,119.65,122.5,8627190
1568851200,122.95,122.95,120.1,121.7,6031946
1568937600,121.05,125.4,118.5,119.85,34008081
1569196800,121.1,121.6,114.05,116.05,33355557
1569283200,116.3,116.8,114.35,115.15,20864605
1569369600,115.6,118.6,115.05,116.9,18851203
1569456000,117.25,118.7,115.95,116.55,21458595
1569542400,117.9,119.1,116.3,117.05,9325734
1569801600,117.1,118.2,115.75,117.5,12045142
1569888000,118.0,118.9,116.25,117.05,9718865
1570060800,117.55,117.55,114.6,116.75,10477900
1570147200,117.3,120.5,116.5,117.4,20289650
1570406400,117.45,117.95,114.7,115.95,14111765
1570579200,116.0,118.0,115.4,117.25,8413122
1570665600,117.2,117.5,116.35,117.25,6885340
1570752000,117.2,118.35,115.9,116.7,9176578
1571011200,116.55,118.15,116.2,117.75,12146203
1571097600,117.0,119.8,117.0,119.4,7630007
1571184000,118.8,119.8,116.9,117.4,10206387
1571270400,117.7,119.2,116.95,118.7,10163035
1571356800,118.8,121.5,118.4,121.05,16961782
1571702400,121.65,121.65,119.95,120.9,12091476
1571788800,120.25,121.7,120.25,121.05,6580501
1571875200,122.0,122.0,119.2,120.2,8009018
1571961600,120.85,120.85,118.2,118.5,8505881
1572134400,119.0,119.1,118.55,118.8,312159
1572307200,118.7,120.35,117.6,119.9,8581053
1572393600,121.0,121.75,119.25,120.95,12119474
1572480000,121.5,124.2,120.8,122.4,16511583
1572566400,123.0,123.2,121.1,121.5,4170369
1572825600,121.65,122.6,119.9,120.55,7894331
1572912000,120.2,121.5,119.55,120.6,6156847
1572998400,120.1,121.75,119.95,120.65,5317553
1573084800,121.15,121.2,119.1,119.55,6794239
1573171200,119.1,119.35,117.0,117.4,9771715
1573430400,118.95,121.75,117.75,118.25,22943443
1573603200,117.9,119.25,117.55,118.3,12220298
1573689600,118.5,119.15,117.55,118.55,5208393
1573776000,118.55,118.85,116.95,117.35,4650424
1574035200,117.05,117.85,116.8,117.45,4727251
1574121600,117.75,118.3,116.8,117.35,7577320
1574208000,117.3,117.6,116.05,117.05,10033434
1574294400,117.4,117.4,114.8,115.3,15099980
1574380800,116.95,119.2,116.95,117.8,13934099
1574640000,118.0,118.4,117.1,118.1,10863475
1574726400,118.1,118.9,116.2,116.65,14426269
1574812800,116.8,117.3,115.45,115.75,5455521
1574899200,116.15,116.25,115.05,115.55,10014250
1574985600,116.0,117.6,115.5,116.35,7014266
1575244800,115.75,116.3,115.1,115.3,6609154
1575331200,115.1,115.8,114.4,114.55,6614178
1575417600,115.05,115.3,114.0,114.8,4444594
1575504000,114.75,115.25,113.85,114.1,2537275
1575590400,114.7,114.7,112.2,112.65,3836996
1575849600,113.2,113.2,111.5,112.7,7866941
1575936000,112.5,113.15,109.7,110.0,18958648
1576022400,110.5,113.8,110.1,113.0,8746687
1576108800,113.55,114.95,113.2,114.45,3850652
1576195200,115.05,116.15,114.5,115.65,4293299
1576454400,116.2,116.3,114.6,114.95,3659151
1576540800,114.95,115.95,113.6,115.55,6241009
1576627200,115.0,116.25,113.8,114.15,8626400
1576713600,114.0,114.4,112.85,114.05,5995825
1576800000,114.05,115.4,113.8,114.7,5813877
1577059200,114.2,115.4,113.8,114.6,13980109
1577145600,114.5,115.8,114.5,115.2,7929835
1577318400,115.15,118.3,114.0,116.4,12763347
1577404800,116.3,117.2,115.75,116.85,4474934
1577664000,116.85,117.65,116.35,116.55,4193724
1577750400,116.55,119.7,116.35,119.05,12438719
1577836800,119.05,122.0,118.25,121.55,9953746
1577923200,121.5,122.15,120.6,121.4,8731299
1578009600,121.0,121.35,119.1,119.35,7392962
1578268800,119.0,119.15,116.5,118.9,6596841
1578355200,119.25,121.55,119.25,120.55,8959942
1578441600,119.7,120.75,117.55,119.95,6372683
1578528000,120.5,121.2,118.9,119.35,8309627
1578614400,119.95,121.8,119.05,120.3,5588344
1578873600,120.4,122.0,120.1,121.75,3534313
1578960000,121.75,124.0,121.35,123.5,8631692
1579046400,123.0,125.0,122.35,123.85,6537916
1579132800,123.4,123.4,120.95,121.45,8806007
1579219200,121.45,121.7,120.6,121.2,6811534
1579478400,121.0,121.75,117.8,118.25,10655638
1579564800,118.4,119.55,116.95,117.15,5150830
1579651200,114.95,115.75,111.5,112.15,19388739
1579737600,112.6,114.45,112.3,113.5,22793170
1579824000,114.0,116.3,113.55,114.75,9898052
1580083200,115.0,115.3,112.6,113.15,5597365
1580169600,113.75,113.75,110.9,112.05,12128081
1580256000,112.1,114.9,111.75,113.2,18501507
1580342400,113.45,114.8,112.05,113.65,18545239
1580428800,113.75,115.25,111.5,112.85,64518347
1580515200,112.85,112.85,108.05,109.3,25282713
1580688000,109.45,111.65,107.2,110.25,14889516
1580774400,110.35,112.3,110.25,112.0,9743806
1580860800,111.3,112.6,110.5,111.2,10671590
1580947200,110.5,112.5,110.5,112.0,11852617
1581033600,112.4,116.25,112.3,115.6,18446803
1581292800,115.8,115.9,112.05,113.5,31637511
1581379200,114.5,117.55,114.1,116.85,20937033
1581465600,117.0,118.9,116.4,116.8,13679292
1581552000,116.8,117.1,114.7,115.15,20903696
1581638400,114.8,115.5,111.9,112.7,23827224
1581897600,113.1,113.75,109.2,110.3,22137354
1581984000,109.6,110.9,103.8,109.6,34458578
1582070400,112.3,113.75,110.4,112.05,17935374
1582156800,111.7,112.4,110.95,111.35,19663654
1582502400,110.75,110.75,108.85,109.7,11370193
1582588800,110.9,112.45,109.65,110.1,10775289
1582675200,110.0,111.55,108.25,109.1,14998071
1582761600,109.2,110.3,106.65,109.05,22610691
1582848000,106.65,110.2,105.35,106.55,25696761
1583107200,109.35,110.0,102.7,103.9,15614944
1583193600,104.65,109.95,104.3,108.9,17194661
1583280000,108.65,111.0,107.5,107.95,17095867
1583366400,108.1,109.65,107.05,107.85,11579256
1583452800,104.75,107.2,102.9,105.15,13533444
1583712000,104.0,104.4,99.55,102.9,47383260
1583884800,103.0,104.8,101.5,103.05,28434592
1583971200,99.0,100.0,93.25,94.35,47225243
1584057600,90.0,100.75,81.25,98.05,49533058
1584316800,96.0,96.0,88.25,90.8,34649741
1584403200,91.0,95.9,86.35,88.1,21246111
1584489600,89.0,90.35,74.9,80.55,88659790
1584576000,78.55,84.95,75.05,78.35,33847230
1584662400,78.5,82.35,76.35,81.25,58502396
1584921600,74.9,80.0,73.2,76.4,37653590
1585008000,78.1,79.6,75.05,77.55,13742935
1585094400,78.0,80.5,75.3,79.7,16472741
1585180800,82.0,82.2,76.4,79.65,39959622
1585267200,82.5,84.4,80.25,83.0,39363397
1585526400,79.9,83.5,79.2,81.75,17044016
1585612800,82.75,84.8,81.15,84.2,28293281
1585699200,84.3,84.35,80.6,81.0,14355481
1585872000,82.05,82.1,78.85,79.55,18319674
1586217600,81.6,82.05,80.1,81.55,47686689
1586304000,81.55,86.8,80.3,85.2,38072780
1586390400,88.35,88.35,85.3,87.1,9322497
1586736000,87.1,89.15,84.75,88.65,33267122
1586908800,88.95,94.2,88.7,89.9,24128026
1586995200,87.25,96.3,87.0,95.1,20876392
1587081600,101.0,101.0,95.0,95.5,16969678
1587340800,97.0,99.3,93.4,98.9,17639176
1587427200,96.5,98.4,95.55,97.3,15085297
1587513600,97.3,98.65,94.9,97.6,10344379
1587600000,97.45,97.7,94.55,95.2,14078729
1587686400,94.75,96.35,91.95,93.4,10149014
1587945600,94.4,94.4,91.9,92.35,22675958
1588032000,92.15,92.9,88.65,90.35,19815466
1588118400,91.45,92.35,89.75,90.2,21552047
1588204800,91.35,97.0,90.4,95.05,15151440
1588550400,91.05,93.65,90.5,91.45,10305675
1588636800,92.2,94.95,91.35,92.6,10628541
1588723200,92.95,95.45,92.2,94.7,10232281
1588809600,94.1,94.4,90.15,90.45,8449705
1588896000,91.0,92.45,85.75,87.0,28175317
1589155200,88.2,89.45,85.85,86.65,12243824
1589241600,86.5,93.25,85.65,91.65,18125053
1589328000,94.95,98.5,92.65,93.05,19038031
1589414400,93.3,93.5,87.5,89.35,39117004
1589500800,90.0,91.8,89.2,90.85,16926082
1589760000,90.5,90.5,87.85,88.9,11369430
1589846400,89.6,91.9,88.2,91.05,12262139
1589932800,89.9,93.4,89.3,92.9,10126456
1590019200,92.15,92.65,89.8,90.25,20143414
1590105600,89.9,91.2,88.35,90.95,9392105
1590451200,90.15,93.4,90.15,93.0,12350762
1590537600,93.0,95.2,91.15,94.7,11684732
1590624000,95.25,96.5,94.5,95.7,12156769
1590710400,94.7,98.85,94.3,97.85,19894337
1590969600,98.4,99.65,97.15,97.9,10106453
1591056000,98.75,98.95,96.05,96.75,18170671
1591142400,97.75,97.8,94.4,94.7,23202602
1591228800,94.15,95.5,92.75,95.15,12827335
1591315200,95.0,98.2,94.15,97.95,11744405
1591574400,98.95,100.2,97.75,98.55,14173729
1591660800,99.0,99.7,97.2,98.0,14232535
1591747200,98.15,100.15,97.25,98.15,12104523
1591833600,98.15,99.7,96.8,98.05,10258977
1591920000,94.5,97.95,94.3,96.9,10925628
1592179200,96.7,96.95,92.6,93.2,10980604
1592265600,94.95,95.1,92.25,92.8,8757045
1592352000,92.95,93.1,90.85,91.5,17081361
1592438400,91.8,94.3,89.9,92.7,16520112
1592524800,93.05,94.05,92.4,93.0,13836696
1592784000,94.1,95.85,93.35,95.3,18868376
1592870400,95.1,101.15,95.0,100.75,20333453
1592956800,102.0,103.8,96.75,97.05,24055053
1593043200,97.05,98.55,94.35,96.1,69278240
1593129600,96.4,97.4,95.55,97.0,15572502
1593388800,97.65,98.05,94.45,94.9,18135588
1593475200,97.0,97.75,95.2,95.8,18496450
1593561600,94.7,94.7,92.3,93.6,21639174
1593648000,94.5,94.5,93.15,93.4,14333507
1593734400,93.6,95.35,92.75,94.5,15274892
1593993600,95.9,96.4,94.85,95.2,11830916
1594080000,95.4,95.45,92.25,92.55,18786161
1594166400,92.85,92.85,90.85,91.0,26257436
1594252800,91.3,92.0,90.8,91.2,11910945
1594339200,91.2,91.3,89.75,90.4,12213263
1594598400,91.05,92.85,89.5,89.9,17512895
1594684800,89.8,89.9,87.4,87.65,14242251
1594771200,88.3,89.75,87.75,88.05,11582899
1594857600,88.2,88.4,85.85,86.75,10152713
1594944000,87.2,88.65,87.0,88.3,12239669
1595203200,88.9,88.9,87.0,87.15,12349625
1595289600,88.0,88.65,86.8,88.35,20122602
1595376000,88.75,92.6,88.7,90.35,31321868
1595462400,90.9,91.6,90.25,90.55,11161644
1595548800,90.3,90.5,88.55,89.4,11352908
1595808000,89.55,89.6,87.25,87.65,10071266
1595894400,87.9,88.8,86.9,88.55,13888285
1595980800,88.5,89.65,87.9,88.15,10733683
1596067200,88.55,89.0,86.1,86.6,10670653
1596153600,86.9,87.6,86.3,87.0,7906812
1596412800,87.2,87.2,85.0,85.6,14158515
1596499200,86.5,87.0,85.35,85.6,19622064
1596585600,85.9,86.6,85.4,85.9,9479240
1596672000,86.5,87.45,85.6,86.15,12209723
1596758400,86.2,86.7,85.35,85.8,10340142
1597017600,86.8,88.7,86.15,88.2,12215888
1597104000,89.0,89.6,87.8,88.25,11180571
1597190400,88.0,89.15,87.05,88.7,14804335
1597276800,87.4,87.5,86.5,87.25,13724634
1597363200,87.35,89.85,86.7,88.4,25405464
1597622400,89.4,96.5,89.4,95.3,115117580
1597708800,96.2,97.8,94.05,95.05,52030586
1597795200,96.0,96.5,94.25,94.65,21840984
1597881600,94.6,101.9,94.25,101.1,112341122
1597968000,102.7,107.85,101.6,105.95,107866165
1598227200,107.1,108.0,103.75,105.4,49155456
1598313600,106.0,107.4,103.2,103.8,50945674
1598400000,104.6,104.6,101.6,102.8,30829463
1598486400,103.2,103.9,102.0,102.6,19363825
1598572800,103.15,104.25,101.25,101.55,21359093
1598832000,102.6,102.7,95.5,96.4,40298819
1598918400,97.5,101.15,96.5,99.8,44304572
1599004800,99.8,100.5,98.3,98.95,20904848
1599091200,99.0,99.7,96.9,97.7,19004482
1599177600,96.05,97.45,94.0,94.7,27339648
1599436800,94.8,96.0,92.05,92.4,28474983
1599523200,93.25,93.25,90.3,90.65,31186030
1599609600,90.1,91.25,88.5,90.4,28307198
1599696000,91.0,91.5,89.25,90.55,27263683
1599782400,90.2,90.9,89.45,90.1,18190992
1600041600,90.4,91.95,89.75,90.85,22535288
1600128000,90.9,92.75,90.55,91.1,26869515
1600214400,91.6,91.6,89.3,89.65,20784528
1600300800,89.05,89.45,88.3,88.65,21804418
1600387200,89.05,91.1,88.7,90.55,44757936
1600646400,91.15,91.35,87.35,88.3,17714799
1600732800,88.3,89.55,85.3,87.7,25113194
1600819200,87.65,88.15,84.2,85.1,24108530
1600905600,84.1,85.65,82.15,82.65,17724733
1600992000,83.35,85.15,82.35,84.8,15999527
1601251200,85.6,88.25,85.1,87.5,22735842
1601337600,88.5,88.9,84.65,85.15,21328831
1601424000,85.6,85.85,83.4,85.1,18475465
1601510400,85.8,85.8,84.5,84.9,18244685
1601856000,85.0,85.45,83.8,84.45,15684514
1601942400,84.45,84.65,83.65,84.15,13094249
1602028800,84.2,84.25,82.25,82.8,19057128
1602115200,83.1,83.35,82.35,82.6,11961713
1602201600,82.85,83.15,81.65,82.9,18016487
1602460800,83.65,84.55,82.4,82.75,11714370
1602547200,82.8,83.4,82.4,82.65,11509196
1602633600,82.8,83.05,78.1,79.1,47114567
1602720000,79.1,80.5,78.5,79.0,20107632
1602806400,79.0,80.5,78.45,80.3,16578317
1603065600,80.95,83.15,80.5,81.65,21839955
1603152000,81.65,81.95,80.3,80.65,14238588
1603238400,81.45,83.8,80.65,82.3,38563963
1603324800,82.3,85.9,81.4,84.65,34256607
1603411200,86.0,86.6,84.5,86.25,46259632
1603670400,87.1,88.0,84.3,85.95,34724657
1603756800,88.8,90.05,87.05,89.45,95413214
1603843200,89.45,90.65,87.5,88.1,44763307
1603929600,87.0,88.5,86.0,86.5,41915668
1604016000,86.9,88.75,86.3,87.6,40735912
1604275200,88.3,89.6,87.95,89.2,31922062
1604361600,91.45,92.0,83.05,85.95,118128168
1604448000,86.15,87.1,84.5,85.1,47519427
1604534400,85.85,87.0,85.6,86.8,41267817
1604620800,87.2,88.75,86.9,87.3,46143960
1604880000,88.65,89.85,87.7,89.45,42703600
1604966400,89.8,91.75,89.55,91.5,43483223
1605052800,92.0,93.5,91.7,92.9,51801855
1605139200,92.4,92.6,90.4,90.8,33374610
1605225600,90.0,92.35,89.2,91.45,24025139
1605312000,90.55,92.4,90.3,90.9,12521960
1605571200,91.75,92.4,88.25,88.7,55324429
1605657600,88.7,89.55,88.1,88.3,37574681
1605744000,88.4,91.9,88.0,89.8,55196018
1605830400,90.25,92.1,89.9,91.8,47670803
1606089600,92.9,94.4,92.0,93.65,54262598
1606176000,94.25,94.8,93.75,94.15,35713773
1606262400,94.45,94.9,92.85,93.95,32464332
1606348800,93.95,94.8,93.4,94.1,30825401
1606435200,95.75,97.05,91.8,94.7,216981706
1606780800,94.7,96.2,93.45,93.75,35330973
1606867200,94.65,95.2,93.8,94.8,27650080
1606953600,95.85,99.15,95.3,98.55,43841111
1607040000,99.2,99.8,97.5,98.55,34813873
1607299200,99.0,101.15,98.7,99.75,27049393
1607385600,100.55,100.85,97.8,98.2,30386160
1607472000,99.25,99.9,97.9,98.3,24061383
1607558400,98.4,99.35,96.5,97.15,25985382
1607644800,97.9,102.9,97.65,102.4,63463638
1607904000,103.45,105.35,103.0,104.6,45802433
1607990400,105.1,106.4,102.85,105.85,52215593
1608076800,106.95,107.25,104.55,104.9,25184934
1608163200,105.65,105.65,104.0,104.45,16840984
1608249600,104.55,104.8,102.85,103.75,33596568
1608508800,103.7,103.95,94.75,97.5,34210970
1608595200,97.35,99.8,96.5,98.9,29181188
1608681600,99.05,99.4,97.8,98.55,17602151
1608768000,99.3,101.5,99.0,99.95,23052394
1609113600,100.85,101.55,100.0,100.45,15454893
1609200000,100.5,101.05,97.95,98.6,23647197
1609286400,99.0,99.65,98.2,99.1,30281285
1609372800,98.1,100.25,98.0,99.35,50363279
1609459200,99.95,100.2,98.8,99.05,13493039
1609718400,99.75,100.0,98.5,99.05,22325584
1609804800,98.4,98.4,97.0,97.6,23510160
1609891200,98.0,99.0,97.25,97.85,21952878
1609977600,98.1,98.5,96.85,97.0,24999580
1610064000,97.6,100.5,97.35,100.15,43240591
1610323200,100.75,101.25,98.7,99.0,22036573
1610409600,99.0,101.0,98.3,100.15,24262426
1610496000,100.25,104.35,100.15,102.55,49236964
1610582400,103.7,103.85,101.7,102.2,29301114
1610668800,102.5,103.6,99.9,100.45,24067229
1610928000,100.45,100.9,96.8,97.55,23613664
1611014400,98.0,100.85,97.55,99.65,22934496
1611100800,99.6,99.7,98.0,98.3,25599184
1611187200,98.7,99.15,95.6,96.1,22667011
1611273600,96.3,96.5,92.9,94.05,26029669
1611532800,95.05,95.3,92.7,93.2,18599824
1611705600,93.0,93.1,90.8,91.3,22812859
1611792000,90.8,92.65,90.35,91.6,32227832
1611878400,92.0,92.6,88.15,88.95,36962884
1612137600,89.35,92.4,88.4,92.0,29033297
1612224000,92.9,95.35,92.9,94.15,29279584
1612310400,95.1,98.1,94.3,96.95,31420256
1612396800,97.3,100.2,97.0,99.05,39264443
1612483200,100.4,102.0,98.15,99.5,54911202
1612742400,96.2,100.95,96.1,100.3,53737961
1612828800,100.4,101.2,99.5,99.95,28074809
1612915200,100.0,100.5,98.65,99.85,19070866
1613001600,97.9,97.9,96.25,97.3,18452535
1613088000,97.8,97.9,94.8,95.95,21660998
1613347200,96.45,96.7,95.0,95.2,12574055
1613433600,95.85,99.15,95.5,98.0,32865663
1613520000,97.85,100.15,97.0,99.35,28774857
1613606400,99.7,104.25,99.55,103.4,50705280
1613692800,103.65,106.75,101.4,104.2,61069583
1613952000,104.3,106.3,101.4,102.05,30636415
1614038400,102.15,104.15,100.55,103.4,31233104
1614124800,104.5,104.7,102.1,103.2,16153025
1614211200,103.6,110.2,103.0,108.0,68361756
1614297600,107.1,110.95,104.8,107.3,67331805
1614556800,109.5,109.8,107.15,108.45,27205189
1614643200,108.45,113.7,107.9,112.55,53649872
1614729600,114.45,114.7,112.0,112.7,31702057
1614816000,111.5,113.0,110.5,110.8,28057179
1614902400,111.0,112.35,108.4,108.7,24778407
1615161600,110.65,113.3,109.5,110.55,28163362
1615248000,111.4,111.85,107.45,109.5,20611697
1615334400,110.35,110.6,108.95,109.65,13207045
1615507200,111.0,112.1,108.6,109.1,21763020
1615766400,109.95,111.0,107.7,110.5,20350678
1615852800,110.55,111.45,109.3,109.55,15360040
1615939200,109.7,109.9,106.15,106.55,18850429
1616025600,107.4,108.25,103.2,103.8,20023557
1616112000,102.35,109.55,102.0,108.5,72249183
1616371200,108.8,110.55,106.85,109.85,31980425
1616457600,110.0,110.2,108.1,108.65,14060206
1616544000,108.0,109.4,105.6,106.0,15196366
1616630400,106.0,106.5,102.65,103.0,22543755
1616716800,105.75,105.75,103.7,104.2,17402475
1617062400,105.85,108.7,104.6,107.7,36130210
1617148800,107.7,109.0,106.1,106.55,23063667
1617235200,107.5,108.75,106.95,107.9,13753303
1617580800,107.4,107.8,103.75,106.3,15666099
1617667200,107.75,108.1,105.8,106.05,17393454
1617753600,106.9,107.35,105.25,105.45,15692013
1617840000,106.0,106.45,104.7,105.0,11394998
1617926400,105.95,105.95,102.4,102.8,19751417
1618185600,101.5,101.5,98.05,99.05,20221362
1618272000,99.6,101.15,99.25,100.6,19192856
1618444800,101.2,103.0,99.3,101.35,13865351
1618531200,101.9,102.9,100.5,102.45,14654851
1618790400,100.0,100.4,98.65,99.05,11652043
1618876800,99.2,100.9,98.15,99.05,16528675
1619049600,98.05,99.75,97.05,98.95,18614270
1619136000,98.0,103.0,98.0,102.55,29484794
1619395200,103.95,103.95,100.85,102.4,24369413
1619481600,102.05,103.55,101.7,102.05,17763436
1619568000,102.85,103.95,102.15,103.6,15160578
1619654400,104.6,105.0,102.65,103.05,11588556
1619740800,102.25,105.65,102.05,102.45,15321193
1620000000,101.4,104.6,101.05,104.25,12186212
1620086400,104.3,106.05,103.5,103.75,12992684
1620172800,104.75,105.65,102.8,103.9,14956169
1620259200,105.0,105.1,102.65,103.05,13547274
1620345600,104.0,105.5,103.35,105.05,13229291
1620604800,106.0,108.0,105.6,107.7,23980945
1620691200,108.0,113.4,106.7,112.7,45613487
1620777600,114.2,116.75,111.75,113.3,62158914
1620950400,113.95,113.95,110.15,111.4,16227312
1621209600,111.2,112.25,109.95,111.55,12832920
1621296000,112.6,114.2,111.75,112.1,14892142
1621382400,113.15,113.15,110.95,111.95,12610425
1621468800,112.0,112.75,110.9,111.75,10303689
1621555200,112.3,113.15,111.25,112.85,12171685
1621814400,112.35,113.95,112.05,112.9,11341268
1621900800,113.9,114.85,113.05,113.3,15289982
1621987200,114.0,114.0,110.9,111.1,17466748
1622073600,111.6,111.65,109.3,110.3,34169451
1622160000,110.3,111.0,108.35,108.95,13383166
1622419200,108.95,111.35,107.8,110.5,14754293
1622505600,110.95,111.45,109.5,110.2,10271211
1622592000,110.1,111.35,110.05,111.15,6492771
1622678400,111.6,112.2,110.45,111.8,12140851
1622764800,111.5,113.0,111.05,111.75,8930671
1623024000,112.15,116.75,112.0,116.4,28407410
1623110400,117.5,118.5,116.0,116.2,43191813
1623196800,116.5,121.0,115.8,118.1,49807823
1623283200,119.35,119.9,117.3,118.5,22144392
1623369600,118.9,119.55,117.55,118.8,13871562
1623628800,118.8,118.9,116.25,118.2,14179055
1623715200,118.2,118.95,117.6,117.8,8148417
1623801600,117.8,120.6,116.85,119.8,21585917
1623888000,118.2,120.6,116.95,117.4,14466025
1623974400,117.4,118.15,112.9,113.55,43927941
1624233600,113.25,118.45,113.05,118.0,34597018
1624320000,118.5,118.9,116.95,118.3,16712010
1624406400,118.85,118.85,116.95,117.25,12590251
1624492800,117.2,118.5,115.7,118.0,14046692
1624579200,119.1,119.1,115.7,116.05,12768348
1624838400,116.9,117.85,116.0,116.15,10709748
1624924800,116.25,118.55,115.4,117.6,33488455
1625011200,117.85,118.45,116.15,116.4,16739618
1625097600,116.8,117.8,115.7,117.35,12479506
1625184000,117.55,119.05,117.0,117.5,17215972
1625443200,117.9,119.1,117.25,118.6,16409169
1625529600,118.1,118.95,117.05,117.65,14979094
1625616000,117.05,118.2,116.85,117.45,14545289
1625702400,117.35,118.7,117.2,117.45,12037089
1625788800,117.0,118.4,116.25,117.8,9585144
1626048000,118.0,118.75,117.15,117.85,7651672
1626134400,118.15,122.0,118.1,119.9,30663035
1626220800,119.95,120.95,119.8,120.75,9539611
1626307200,120.75,121.2,119.2,120.3,11278872
1626393600,120.15,120.8,118.3,119.1,17198632
1626652800,119.1,121.85,118.5,121.4,14364285
1626739200,122.0,122.0,118.2,118.45,11360716
1626912000,118.75,119.7,118.55,119.2,9520328
1626998400,119.4,120.1,118.3,118.5,10442400
1627257600,118.2,120.0,118.05,119.35,5370055
1627344000,119.3,119.6,118.2,118.85,5280342
1627430400,119.55,119.55,115.8,116.8,11010096
1627516800,117.7,118.25,115.25,116.75,11897018
1627603200,116.95,119.95,116.25,118.2,14546264
1627862400,118.6,118.75,117.0,117.75,11742555
1627948800,118.5,118.5,116.5,117.65,21122697
1628035200,118.05,118.85,116.55,117.85,9432176
1628121600,117.05,117.8,115.95,116.5,11045322
1628208000,116.5,118.7,116.45,117.65,8434733
1628467200,118.5,119.1,116.55,116.7,7816050
1628553600,116.9,117.2,113.65,114.35,9774255
1628640000,114.7,117.3,114.55,116.95,8056886
1628726400,116.95,119.4,116.5,119.15,8640167
1628812800,119.45,119.45,117.2,118.25,9744939
1629072000,118.25,119.4,118.1,118.85,8768804
1629158400,119.35,119.5,116.2,117.4,8758578
1629244800,117.4,118.9,116.1,116.55,9357721
1629417600,116.3,117.0,113.45,114.15,11684504
1629676800,115.5,115.75,112.2,113.4,6271685
1629763200,114.2,116.3,113.65,113.95,11791078
1629849600,114.7,115.25,113.8,114.0,9491958
1629936000,114.1,114.5,111.95,112.75,11668986
1630022400,112.7,114.1,112.1,113.4,8095717
1630281600,113.25,115.5,113.25,114.95,9915170
1630368000,115.25,116.35,114.7,115.95,11386659
1630454400,116.0,116.7,114.75,115.4,7508413
1630540800,115.1,116.7,115.0,116.5,5700524
1630627200,117.0,117.9,116.5,117.0,9364904
1630886400,117.65,117.65,115.9,116.45,7005043
1630972800,116.7,116.9,115.25,115.85,7723357
1631059200,113.85,114.6,112.4,114.05,10508654
1631145600,113.95,114.75,113.5,114.55,5757417
1631491200,114.65,115.5,114.15,115.0,6322443
1631577600,115.25,116.15,114.8,115.9,7369292
1631664000,116.0,124.85,116.0,124.2,48721413
1631750400,124.5,125.7,123.0,124.0,17684303
1631836800,124.15,124.7,121.55,123.75,15763396
1632096000,122.5,123.95,121.8,122.7,7431359
1632182400,122.3,125.4,122.1,124.1,8629222
1632268800,124.6,127.0,124.0,124.4,11698183
1632355200,124.8,127.0,124.65,126.2,11053966
1632441600,126.5,126.7,123.95,124.25,8598140
1632700800,125.3,127.8,124.5,126.85,8490460
1632787200,127.5,133.65,127.35,131.95,35900138
1632873600,131.4,144.25,130.6,140.65,75859390
1632960000,141.75,143.2,139.1,141.85,34614825
1633046400,140.95,144.35,137.7,139.9,22452069
1633305600,143.45,149.35,140.5,145.55,58612212
1633392000,145.55,147.85,144.2,145.4,24390676
1633478400,146.45,147.3,142.8,143.3,14421296
1633564800,144.2,145.65,142.25,142.8,10035682
1633651200,143.55,143.9,140.3,141.1,10686586
1633910400,142.0,146.75,141.45,144.8,17449923
1633996800,146.0,146.25,143.8,144.55,16030831
1634083200,145.5,147.25,144.7,146.35,19100941
1634169600,147.5,150.6,146.85,149.4,29263867
1634515200,151.25,151.7,148.7,149.55,25346029
1634601600,150.95,152.1,148.1,149.65,20234486
1634688000,150.65,150.65,145.3,146.25,16129487
1634774400,147.7,148.55,145.9,147.9,20818539
1634860800,147.85,148.1,144.0,144.9,11379569
1635120000,144.7,146.25,143.15,143.9,14079380
1635206400,145.3,145.65,142.45,143.2,16224116
1635292800,144.0,144.55,140.85,141.3,15072448
1635379200,141.3,141.85,136.3,137.35,19999659
1635465600,131.0,136.9,128.55,132.65,29217522
1635724800,133.2,135.3,130.9,134.3,10043407
1635811200,135.0,140.8,135.0,136.65,21525811
1635897600,137.95,138.95,135.55,136.75,9808728
1635984000,138.3,138.3,136.95,137.15,1026849
1636329600,138.7,140.6,136.55,140.3,12765483
1636416000,140.75,141.4,138.05,138.5,9556650
1636502400,138.2,138.25,136.75,137.4,5479056
1636588800,137.5,137.75,134.35,136.65,11418813
1636675200,138.2,138.2,134.65,136.45,9306659
1636934400,137.3,137.65,136.0,137.15,3991733
1637020800,137.7,137.8,134.0,134.3,5762128
1637107200,134.0,138.0,134.0,136.45,15264066
1637193600,136.6,137.6,134.75,135.3,9942974
1637539200,135.0,136.9,129.7,130.15,15990636
1637625600,130.05,133.75,128.15,133.5,11510010
1637712000,134.5,137.3,133.55,135.35,7570759
1637798400,135.5,136.7,132.3,135.2,13919886
1637884800,133.2,134.05,128.0,128.85,13323593
1638144000,127.8,129.35,125.05,126.5,16077669
1638230400,127.8,129.45,124.7,127.25,22883512
1638316800,130.0,132.95,125.85,127.7,17010938
1638403200,127.7,130.3,126.6,128.7,12916313
1638489600,128.7,130.25,126.4,127.0,12827354
1638748800,127.0,127.6,124.0,124.35,8158812
1638835200,125.1,126.4,124.0,125.35,8701301
1638921600,124.85,127.65,124.85,127.25,12093435
1639008000,127.25,127.65,125.65,126.05,11518172
1639094400,126.1,126.7,124.4,126.15,8389566
1639353600,127.6,128.6,125.5,125.8,13223189
1639440000,125.0,127.45,125.0,126.35,11649242
1639526400,126.15,128.45,125.9,126.7,11916145
1639612800,127.55,128.2,126.25,127.4,10758513
1639699200,127.4,127.7,124.1,125.55,13041775
1639958400,124.5,125.45,119.1,121.75,14185935
1640044800,123.55,124.7,120.85,122.2,10168470
1640131200,123.05,123.9,121.65,122.55,7885198
1640217600,123.1,125.4,122.8,124.55,9836979
1640304000,124.8,125.0,120.9,121.25,8509575
1640563200,121.25,122.15,120.6,121.85,5097217
1640649600,122.0,124.6,121.95,124.1,6511374
1640736000,124.6,124.75,122.2,123.15,8960770
1640822400,123.25,127.85,122.25,126.9,32394253
1640908800,126.8,126.8,124.0,124.4,9155163
1641168000,125.4,126.55,124.7,126.0,9034081
1641254400,127.0,133.3,126.75,132.9,33986738
1641340800,132.6,132.85,130.7,132.0,16122852
1641427200,132.35,132.35,129.3,130.9,8037648
1641513600,131.3,132.2,129.45,131.35,8820039
1641772800,131.95,132.3,130.75,131.85,7324926
1641859200,132.15,134.0,131.0,132.3,11971883
1641945600,133.35,134.2,132.35,133.85,10439580
1642032000,134.4,136.65,133.5,134.95,15114699
1642118400,134.4,136.15,133.3,135.35,9344382
1642377600,134.65,137.35,134.45,136.6,9803141
1642464000,136.6,137.75,134.4,135.0,6473378
1642550400,134.1,135.3,132.95,134.8,21136414
1642636800,134.5,136.35,134.15,134.9,8466412
1642723200,134.05,136.1,132.55,134.1,12437749
1642982400,133.0,135.25,131.0,132.6,14284658
1643068800,131.2,135.65,131.05,135.3,10007486
1643241600,134.2,136.0,133.15,135.0,18760325
1643328000,140.0,144.0,138.0,140.15,34009553
1643587200,142.0,143.4,138.55,142.05,27928927
1643673600,144.0,144.15,140.45,141.15,17413984
1643760000,142.0,142.75,140.75,141.15,10783943
1643846400,137.5,138.6,136.3,136.65,9571728
1643932800,137.0,137.45,133.9,134.2,7213085
1644192000,134.2,136.35,134.2,135.15,10562489
1644278400,135.45,135.65,132.8,135.0,8721631
1644364800,135.3,135.6,133.85,135.05,5144026
1644451200,135.15,136.85,134.3,136.45,6081460
1644537600,134.45,137.7,134.45,137.15,8426925
1644796800,134.7,136.45,131.8,132.5,7705072
1644883200,132.1,135.8,130.65,135.35,12674466
1644969600,134.9,136.7,132.85,133.2,12946623
1645056000,134.5,134.9,132.45,132.75,5811964
1645142400,132.75,134.1,131.9,132.35,6760078
1645401600,132.4,134.15,131.15,131.95,12212740
1645488000,131.05,132.5,127.9,132.1,13578566
1645574400,132.0,133.45,129.85,130.2,9263264
1645660800,127.0,129.0,123.65,124.4,18045779
1645747200,125.0,131.0,125.0,130.35,10424521
1646006400,128.95,133.95,128.8,133.5,13262687
1646179200,132.8,135.0,130.45,130.95,12587947
1646265600,132.1,133.45,130.25,132.1,15628119
1646352000,132.0,133.35,129.75,130.2,15883138
1646611200,129.0,130.5,126.9,130.05,14985637
1646697600,130.5,135.8,130.5,133.75,28572640
1646784000,133.95,133.95,131.1,131.5,14286413
1646870400,132.9,135.0,131.95,132.95,13101323
1646956800,132.9,133.4,131.5,131.95,8669803
1647216000,131.95,132.9,130.75,132.15,5670284
1647302400,131.3,132.95,130.65,131.05,6895190
1647388800,132.4,133.0,131.55,132.75,5561866
1647475200,133.5,134.3,131.9,132.9,13995384
1647820800,132.9,133.4,131.7,132.9,9172207
1647907200,133.3,134.15,131.75,132.85,10343712
1647993600,132.9,133.75,132.2,133.45,11892811
1648080000,133.5,135.7,133.35,135.4,11276181
1648166400,136.0,136.15,134.2,134.75,7266868
1648425600,135.5,135.5,133.8,134.8,7778682
1648512000,135.0,135.3,133.9,134.35,5116935
1648598400,135.0,135.95,133.45,135.3,24047012
1648684800,134.3,135.6,134.3,135.0,11615450
1648771200,138.0,143.45,136.8,142.95,32589741
1649030400,141.85,146.0,141.5,144.3,15437496
1649116800,145.4,150.6,144.75,149.1,23958626
1649203200,150.35,155.3,148.3,153.0,52737388
1649289600,152.95,158.0,152.2,153.5,37738903
1649376000,154.9,154.9,151.2,152.05,17585569
1649635200,152.45,154.6,151.85,153.1,15583159
1649721600,152.7,153.6,150.85,152.6,11306524
1649808000,153.05,156.2,152.75,153.95,19454061
1650240000,154.9,163.75,154.5,163.2,82098517
1650326400,164.9,166.35,159.5,160.65,38522118
1650412800,162.15,163.2,159.0,160.5,20047692
1650499200,161.6,163.4,160.35,162.7,21966151
1650585600,161.25,163.0,159.85,160.45,9922564
1650844800,158.6,160.9,155.4,156.1,12008027
1650931200,157.6,158.45,156.0,157.0,11735823
1651017600,156.8,159.6,155.2,155.65,17873048
1651104000,158.0,160.1,155.25,159.7,29123808
1651190400,160.4,161.0,155.7,156.2,28941216
1651449600,154.6,158.35,153.0,157.5,13368198
1651622400,158.0,161.9,157.3,158.65,24511385
1651708800,159.6,160.75,157.0,158.4,33396072
1651795200,156.45,160.35,156.05,159.0,22604305
1652054400,158.95,159.8,155.95,159.0,22958742
1652140800,158.95,161.25,154.5,155.45,20322427
1652227200,154.05,156.95,150.05,152.55,13794764
1652313600,151.1,153.0,148.0,148.55,11818556
1652400000,150.0,150.0,143.5,144.15,22913410
1652659200,143.4,148.9,141.65,148.25,16286682
1652745600,147.5,150.75,146.3,150.5,13925542
1652832000,150.5,150.9,147.2,148.5,17611218
1652918400,147.5,148.55,145.75,148.0,11701170
1653004800,150.95,150.95,147.65,149.6,17841739
1653264000,154.4,155.35,148.4,150.15,26055890
1653350400,150.15,151.85,146.3,146.9,16581141
1653436800,148.4,153.15,147.4,152.65,19926619
1653523200,153.15,155.1,150.6,154.15,22698086
1653609600,155.0,155.0,149.5,150.45,10245727
1653868800,150.05,152.5,148.8,150.9,12513990
1653955200,151.1,158.0,150.35,156.0,124665699
1654041600,156.45,160.2,156.25,156.8,16084988
1654128000,155.5,159.3,154.25,159.05,17646975
1654214400,159.0,159.45,154.7,155.0,14063328
1654473600,155.8,158.65,154.6,155.2,18485464
1654560000,155.2,157.7,153.5,157.25,14911957
1654646400,156.1,159.75,156.1,157.05,16416591
1654732800,155.3,158.0,154.7,155.15,13821409
1654819200,154.1,156.6,154.0,155.25,7908849
1655078400,154.0,154.9,147.75,148.9,19208167
1655164800,148.9,152.45,148.9,151.4,17034328
1655251200,152.55,153.7,147.55,148.15,15172295
1655337600,150.1,150.15,142.0,142.95,18494040
1655424000,141.1,144.45,139.55,140.45,21387729
1655683200,140.45,141.4,135.0,137.25,16578770
1655769600,138.2,141.25,137.75,139.95,51398446
1655856000,139.95,139.95,136.55,137.65,8317317
1655942400,137.9,139.15,135.65,136.5,11257409
1656028800,137.9,137.9,134.95,136.6,21879039
1656288000,137.25,139.05,136.75,138.5,12872030
1656374400,138.5,139.3,137.15,138.6,14272044
1656460800,137.8,143.1,136.8,141.75,53487394
1656547200,142.3,143.95,141.15,142.9,19270932
1656633600,142.0,143.2,139.75,140.65,9592229
1656892800,139.35,142.2,139.35,141.4,17526429
1656979200,141.4,144.25,140.2,140.85,11370649
1657065600,141.5,142.0,136.1,138.95,15929985
1657152000,140.0,142.75,139.5,140.45,18144208
1657238400,141.0,144.2,141.0,143.7,15375888
1657497600,144.0,147.0,143.6,144.8,16779135
1657584000,144.05,148.1,144.05,147.1,19138561
1657670400,147.75,149.35,147.5,148.6,13644449
1657756800,149.0,149.3,147.0,148.3,9775869
1657843200,148.45,150.15,148.15,149.75,11518139
1658102400,151.4,151.55,149.3,149.8,8286352
1658188800,149.8,151.2,149.25,150.75,6798359
1658275200,152.1,152.25,150.15,150.55,7271345
1658361600,151.0,151.25,150.0,150.85,7521568
1658448000,151.0,151.4,148.15,148.95,6800124
1658707200,149.2,150.45,147.35,150.1,7996687
1658793600,150.0,150.95,149.15,150.0,5774871
1658880000,149.55,150.55,149.05,149.7,5403197
1658966400,150.05,150.95,149.05,150.35,6030744
1659052800,150.95,154.45,150.45,152.95,11771461
1659312000,152.9,157.7,151.0,156.5,14221965
1659398400,157.1,160.1,156.55,159.55,18278835
1659484800,160.05,160.95,157.2,159.65,10147608
1659571200,159.7,160.5,153.05,154.7,15754128
1659657600,154.4,157.15,153.0,155.6,33864055
1659916800,155.5,160.0,154.95,159.4,16964235
1660089600,156.9,157.15,155.0,155.75,14055597
1660176000,156.2,156.85,152.85,153.65,15810624
1660262400,153.7,159.0,152.6,158.5,17998843
1660608000,159.0,159.8,156.95,158.75,8309725
1660694400,159.0,163.65,159.0,161.45,19674110
1660780800,161.45,162.65,159.9,160.8,9585888
1660867200,161.05,161.65,157.15,157.75,9599472
1661126400,157.3,158.95,156.0,156.5,11400211
1661212800,156.45,159.2,155.65,158.65,14362373
1661299200,158.9,163.0,158.0,160.8,20602844
1661385600,161.35,161.95,158.45,158.9,12889454
1661472000,159.0,164.7,158.9,163.4,30724938
1661731200,161.8,163.4,160.7,160.95,10928330
1661817600,161.8,165.45,161.55,164.0,24663153
1661990400,161.5,164.25,160.3,160.7,14554158
1662076800,163.0,166.4,161.25,161.8,25106698
1662336000,162.6,165.1,162.2,164.5,15226001
1662422400,165.8,168.85,164.8,168.45,27866331
1662508800,168.5,170.15,166.65,167.3,19415892
1662595200,168.0,169.2,165.95,166.8,11595205
1662681600,167.65,169.35,165.95,166.6,16415150
1662940800,167.45,168.1,165.5,166.4,15469466
1663027200,166.95,168.95,165.65,167.4,15644741
1663113600,165.0,173.05,165.0,172.35,38751148
1663200000,174.4,176.15,172.65,175.1,29483891
1663286400,173.95,174.7,171.3,172.8,26126152
1663545600,173.5,174.1,170.55,171.0,13304030
1663632000,171.9,173.15,170.9,171.9,15395199
1663718400,171.0,172.05,168.15,168.6,7370283
1663804800,167.0,169.65,166.85,168.65,7447846
1663891200,167.15,168.5,162.65,163.95,12264388
1664150400,162.45,163.85,156.6,158.6,21951865
1664236800,159.4,161.65,157.5,159.0,8367800
1664323200,157.8,159.45,155.0,157.95,14261815
1664409600,158.75,161.7,158.0,159.55,17623352
1664496000,160.0,161.55,157.4,159.65,12015533
1664755200,159.85,164.1,158.95,160.35,10528629
1664841600,161.95,164.0,161.35,162.55,9013773
1665014400,164.25,165.1,162.4,162.9,6456408
1665100800,163.1,164.85,161.35,164.3,8825983
1665360000,162.7,165.6,161.85,163.95,10484521
1665446400,164.4,164.4,160.3,161.05,13805741
1665532800,161.9,165.3,161.15,165.0,12496248
1665619200,164.85,166.8,164.25,164.75,9447511
1665705600,166.25,167.5,164.85,165.1,9588164
1665964800,165.1,169.05,164.0,168.45,13426449
1666051200,168.95,169.45,166.4,166.95,20635735
1666137600,166.5,168.1,163.85,164.05,6947654
1666224000,164.0,167.9,161.5,166.95,12020720
1666310400,167.5,168.45,164.5,165.05,7414335
1666569600,166.95,167.95,166.25,166.95,685185
1666656000,167.45,169.7,165.45,169.35,8131380
1666828800,169.9,171.5,167.55,170.65,16225577
1666915200,170.65,174.7,169.9,174.05,16185760
1667174400,169.9,174.0,169.05,173.1,24233760
1667260800,174.0,182.95,173.5,181.8,41101936
1667347200,181.9,182.7,180.0,180.95,22146420
1667433600,179.35,181.85,177.25,178.15,16719953
1667520000,179.05,179.5,176.35,176.95,14881752
1667779200,177.85,179.5,174.85,175.85,12799401
1667952000,177.75,177.75,172.25,173.4,14929008
1668038400,173.5,174.2,170.55,172.1,10668583
1668124800,173.0,173.6,169.65,171.45,16963169
1668384000,172.35,173.4,171.1,171.45,10224241
1668470400,172.3,174.15,171.4,172.1,13899999
1668556800,172.1,172.95,169.15,169.95,9781274
1668643200,169.95,170.8,167.5,168.3,12778124
1668729600,168.55,169.05,165.1,165.85,11134908
1668988800,165.0,166.2,164.15,164.4,12788632
1669075200,165.25,167.5,164.85,167.05,15198091
1669161600,167.85,168.25,166.25,168.05,12004998
1669248000,168.7,170.0,167.6,169.5,10986350
1669334400,170.25,171.25,168.6,169.75,12358833
1669593600,170.0,171.9,169.4,170.4,5471921
1669680000,171.0,171.6,169.05,170.15,7693168
1669766400,170.1,172.85,169.75,172.2,9133076
1669852800,173.5,173.65,170.85,172.2,9214914
1669939200,172.4,172.85,171.15,172.15,6376672
1670198400,173.05,175.65,171.4,175.15,9861212
1670284800,175.6,176.0,173.85,175.2,7008295
1670371200,174.1,175.0,171.3,171.85,7718718
1670457600,171.85,172.45,170.0,170.35,4225180
1670544000,171.2,171.75,168.0,169.5,6174919
1670803200,170.0,170.0,167.55,168.9,7153044
1670889600,169.75,170.0,168.05,169.2,5166993
1670976000,169.95,173.7,169.45,171.6,8562333
1671062400,172.0,174.05,171.7,172.1,10644546
1671148800,171.9,173.1,169.05,169.8,9433166
1671408000,169.8,172.25,169.5,171.8,7706855
1671494400,171.15,171.45,168.55,169.75,7387632
1671580800,170.0,171.05,166.6,167.95,8454254
1671667200,168.5,168.65,164.55,165.9,6979001
1671753600,164.3,166.35,162.35,163.0,5313321
1672012800,162.0,167.75,161.9,165.65,8321609
1672099200,167.0,168.2,164.55,165.2,9244387
1672185600,165.0,167.6,164.8,165.85,9652984
1672272000,165.0,167.4,164.0,166.75,19571340
1672358400,166.75,167.8,166.0,166.45,8626291
1672617600,167.05,168.55,166.4,168.0,7322962
1672704000,168.0,169.2,166.8,167.6,9629995
1672790400,167.85,168.5,164.7,166.6,11995082
1672876800,168.0,170.35,167.15,169.9,18887530
1672963200,170.45,172.15,168.55,169.0,13216749
1673222400,170.25,171.0,169.45,170.4,6012344
1673308800,170.4,170.7,167.15,167.95,7557693
1673395200,168.45,168.8,165.5,166.05,8463293
1673481600,166.9,167.2,165.55,165.95,7628932
1673568000,166.2,168.15,165.5,167.8,5090393
1673827200,168.65,168.65,164.65,165.95,10321015
1673913600,166.6,168.2,165.8,167.7,13015434
1674000000,167.5,169.7,167.1,169.45,5536057
1674086400,170.4,170.4,167.3,168.7,6812613
1674172800,169.9,169.9,167.65,168.7,8545359
1674432000,169.4,169.5,166.0,166.85,7787735
1674518400,167.2,167.55,165.4,166.05,7033092
1674604800,166.0,166.6,164.4,165.9,9257370
1674777600,166.25,167.05,164.0,166.3,13756671
1675036800,167.6,172.25,167.1,168.85,30768122
1675123200,169.85,172.65,167.35,171.15,24990701
1675209600,172.25,173.8,167.2,170.0,13878016
1675296000,170.0,170.85,165.5,166.9,19898080
1675382400,164.5,166.45,162.55,165.55,11730514
1675641600,164.5,166.85,164.05,166.05,7588936
1675728000,166.5,167.7,164.3,165.25,8699758
1675814400,165.6,165.75,164.1,165.5,8839686
1675900800,165.95,166.65,164.65,166.0,5507650
1675987200,165.1,165.8,164.1,165.0,9468345
1676246400,165.1,168.2,164.8,167.85,9829152
1676332800,168.5,168.5,164.85,166.05,12916373
1676419200,166.0,166.5,164.2,165.8,11855678
1676505600,166.0,167.7,165.6,167.4,7923121
1676592000,167.0,169.65,166.45,168.05,10182025
1676851200,167.7,170.0,167.25,167.9,6679716
1676937600,169.05,174.25,169.05,173.25,26883881
1677024000,172.95,173.2,168.5,170.5,12225021
1677110400,170.95,171.65,169.0,169.6,11184381
1677196800,170.25,171.2,169.4,171.0,8338893
1677456000,171.15,173.5,170.5,172.4,17669762
1677542400,172.8,173.0,169.85,170.5,19044910
1677628800,170.95,173.05,169.95,172.25,9318790
1677715200,172.2,172.2,170.25,170.8,7725981
1677801600,172.0,175.0,171.5,172.6,12962719
1678060800,172.9,177.5,172.7,176.8,12402804
1678233600,175.7,179.15,175.45,178.85,22099710
1678320000,178.4,182.2,178.0,179.45,18874546
1678406400,178.0,181.0,177.8,180.75,12399692
1678665600,181.3,181.55,179.45,179.7,13669178
1678752000,178.65,181.0,177.2,177.9,9217542
1678838400,179.45,179.55,177.75,178.2,8548173
1678924800,178.2,180.0,176.95,179.6,9405016
1679011200,181.7,181.7,175.9,176.95,47276890
1679270400,177.55,177.55,174.95,176.0,5627841
1679356800,176.85,177.55,175.3,177.1,12894327
1679443200,177.8,177.8,173.8,174.35,7893205
1679529600,174.05,175.85,173.7,174.6,5759884
1679616000,175.2,175.2,172.35,172.7,4977283
1679875200,172.65,173.95,170.7,171.25,12077986
1679961600,171.35,173.0,170.5,172.0,8750986
1680048000,172.65,175.4,171.7,174.0,20272070
1680220800,174.8,177.25,174.6,175.1,8125121
1680480000,175.6,178.1,175.45,177.8,9098662
1680652800,178.3,178.3,175.15,175.9,10829323
1680739200,176.4,176.6,174.85,175.2,7159274
1681084800,175.85,178.0,175.2,177.6,10968456
1681171200,178.1,179.75,176.55,178.1,9208605
1681257600,178.0,178.3,175.3,175.8,7591360
1681344000,176.0,176.1,172.3,173.05,9944382
1681689600,172.35,173.95,169.25,169.6,17401126
1681776000,170.0,170.75,169.0,170.1,16199789
1681862400,168.75,169.95,166.8,167.1,16314641
1681948800,167.1,170.2,166.8,169.7,15498083
1682035200,169.65,169.95,168.4,169.7,6672391
1682294400,168.5,171.25,168.2,170.95,8088991
1682380800,171.3,172.45,170.35,171.1,9175412
1682467200,171.1,171.7,169.5,169.85,9032416
1682553600,170.0,171.35,168.8,170.95,9054900
1682640000,171.9,172.5,169.6,172.0,21552892
1682985600,172.65,176.0,172.55,175.6,8893428
1683072000,175.6,178.65,175.1,176.35,11194149
1683158400,176.45,177.45,174.8,176.35,4671155
1683244800,176.35,176.4,173.0,174.25,5958697
1683504000,174.8,177.55,174.5,177.05,6287186
1683590400,177.2,178.65,175.2,176.0,7918748
1683676800,176.0,177.35,174.95,177.05,6231734
1683763200,177.6,180.0,176.95,179.55,12125975
1683849600,179.1,179.25,174.5,174.95,8920297
1684108800,174.0,176.75,173.85,175.95,7980565
1684195200,176.9,178.0,175.5,177.45,7874923
1684281600,177.45,177.85,175.05,176.0,6639494
1684368000,177.0,177.7,174.65,175.1,6921939
1684454400,175.0,175.35,172.95,173.3,6657753
1684713600,173.3,177.05,173.15,174.1,13339834
1684800000,174.95,175.65,172.8,174.15,8359389
1684886400,174.0,175.3,173.45,174.95,8507023
1684972800,174.95,175.55,173.4,174.5,7986243
1685059200,175.0,177.25,174.1,174.5,6926193
1685318400,174.95,177.8,174.8,176.3,9943211
1685404800,177.0,178.0,175.6,176.8,9727639
1685491200,177.0,177.0,171.95,173.85,41785992
1685577600,173.6,174.7,171.85,174.4,11602551
1685664000,175.9,175.9,173.4,174.55,7262018
1685923200,175.8,176.2,173.55,174.1,12239684
1686009600,174.5,175.75,173.55,175.4,4889564
1686096000,175.95,178.0,175.4,177.35,6270083
1686182400,178.75,184.35,178.1,182.05,27382635
1686268800,184.0,184.25,180.55,182.8,10235269
1686528000,182.8,186.45,182.65,185.7,17450400
1686614400,186.0,186.65,185.0,185.35,8332566
1686700800,185.35,188.4,185.35,187.2,15061573
1686787200,187.0,187.3,185.35,186.7,9840499
1686873600,186.9,188.7,186.05,188.2,8562558
1687132800,188.2,188.2,185.2,185.85,5363723
1687219200,186.0,188.0,184.55,187.5,6035600
1687305600,187.5,188.7,186.5,187.5,5906854
1687392000,187.5,187.95,183.35,184.5,6683123
1687478400,184.55,187.5,183.75,186.7,15255365
1687737600,187.4,187.4,184.45,184.9,7231775
1687824000,184.9,186.95,184.8,186.05,6787438
1687910400,186.05,190.6,185.3,189.1,32476741
1688083200,188.1,191.65,188.0,189.15,9579059
1688342400,190.0,192.6,188.7,191.25,7352149
1688428800,191.1,194.8,189.0,194.05,13258826
1688515200,194.0,194.75,192.35,193.4,6558910
1688601600,193.5,197.15,192.75,196.75,16276609
1688688000,196.75,197.75,192.15,192.6,12652336
1688947200,192.65,193.35,189.8,191.55,10238356
1689033600,192.65,192.95,190.8,192.4,11236383
1689120000,193.75,194.75,190.25,190.8,9191559
1689206400,191.8,191.8,186.95,187.9,10612659
1689292800,187.95,188.35,184.75,187.45,12369394
1689552000,188.45,188.95,185.8,186.5,9058800
1689638400,187.0,189.15,186.3,187.35,7177677
1689724800,191.0,196.6,190.2,192.55,31761232
1689811200,192.7,194.25,191.85,192.9,8936996
1689897600,192.8,196.35,192.1,195.1,11031250
1690156800,195.5,197.0,192.95,195.9,9981788
1690243200,196.5,201.35,195.9,200.65,18028061
1690329600,201.5,202.15,200.0,201.6,13857423
1690416000,201.75,203.0,200.6,201.95,16013422
1690502400,201.85,210.45,199.5,210.0,39630520
1690761600,212.2,218.95,209.65,218.35,43494779
1690848000,219.55,226.65,218.85,225.15,63510580
1690934400,225.05,225.15,216.85,219.1,22647784
1691020800,219.1,223.6,217.95,220.1,29868065
1691107200,221.7,222.2,217.6,217.95,12879897
1691366400,219.7,221.35,217.65,217.95,12929354
1691452800,220.3,220.4,214.0,217.55,15314866
1691539200,218.45,219.7,216.45,218.7,12554174
1691625600,219.2,220.85,216.5,217.4,10970619
1691712000,214.9,216.5,212.65,213.0,7970536
1691971200,213.3,214.0,211.8,213.0,9283695
1692144000,212.95,217.95,212.05,217.45,9687712
1692230400,219.45,219.8,215.15,215.75,11865239
1692316800,215.8,216.65,213.3,215.15,14101163
1692576000,217.2,219.55,215.7,218.8,13336739
1692662400,219.25,222.3,218.85,221.7,16930149
1692748800,222.9,222.9,221.05,221.7,13507905
1692835200,222.0,222.4,219.65,220.85,11182959
1692921600,221.85,221.85,217.2,217.9,7413549
1693180800,217.9,219.3,217.2,218.7,4851793
1693267200,219.2,221.75,218.25,221.1,8799235
1693353600,222.0,222.0,219.75,220.4,5490930
1693440000,221.65,221.65,218.75,220.3,18532999
1693526400,217.85,231.65,216.15,230.7,29859815
1693785600,233.7,236.5,230.5,235.8,21895573
1693872000,236.9,236.9,231.7,234.6,13952922
1693958400,235.5,235.85,228.4,231.9,14623019
1694044800,233.0,238.0,229.35,234.1,30334731
1694131200,236.0,243.6,235.0,240.25,28856420
1694390400,243.6,243.9,238.15,243.1,22493483
1694476800,244.2,244.95,234.1,235.1,21174310
1694563200,236.1,238.45,233.15,237.15,9151928
1694649600,237.95,239.2,235.95,237.95,7568464
1694736000,235.6,239.3,235.6,236.2,14098284
1694995200,237.0,242.15,236.05,241.2,11163399
1695168000,241.5,246.0,240.35,241.75,18936709
1695254400,240.05,242.9,237.1,238.95,10134737
1695340800,238.6,239.3,236.0,237.95,7209300
1695600000,239.15,240.25,237.15,239.65,8027642
1695686400,239.75,243.2,239.05,240.2,10681642
1695772800,239.9,240.5,237.85,239.3,9679279
1695859200,239.6,241.2,235.65,237.05,32887087
1695945600,239.55,251.5,239.5,245.55,35038887
1696291200,244.35,246.7,240.55,241.2,14885044
1696377600,241.0,241.0,231.5,235.15,25424437
1696464000,237.25,237.4,232.05,233.85,22472389
1696550400,234.25,237.5,233.65,235.55,8825123
1696809600,233.85,236.3,230.5,234.7,10659145
1696896000,234.9,236.85,233.75,235.9,11665907
1696982400,236.25,239.7,236.0,238.7,14313043
1697068800,238.95,242.75,238.6,241.6,13170027
1697155200,240.55,243.8,239.6,242.05,11880728
1697414400,242.85,245.0,241.0,243.45,6936948
1697500800,244.85,247.2,243.3,245.95,10084205
1697587200,245.9,246.8,241.6,242.0,6987265
1697673600,240.2,241.8,238.5,239.5,11485237
1697760000,238.95,242.15,237.55,241.0,9040953
1698019200,240.8,240.9,235.0,236.55,7058625
1698192000,236.0,236.3,228.35,232.05,23949207
1698278400,230.85,233.3,227.75,231.65,17410264
1698364800,232.0,238.45,232.0,236.6,10519462
1698624000,237.45,238.4,230.65,234.6,8812268
1698710400,234.5,237.2,233.55,235.8,6583581
1698796800,236.7,236.7,232.1,232.6,6718059
1698883200,234.2,235.7,233.75,235.25,6057787
1698969600,233.3,235.25,233.3,234.35,6825146
1699228800,235.35,237.2,234.55,235.85,5338605
1699315200,236.3,239.55,235.2,239.15,7002346
1699401600,239.85,240.9,235.95,236.7,9777991
1699488000,237.2,239.7,236.0,237.95,13987058
1699574400,237.85,243.25,235.8,242.75,9589671
1699747200,245.95,246.35,243.0,244.55,2515164
1699833600,244.95,250.6,243.3,245.7,18792969
1700006400,248.95,248.95,245.95,247.3,10965645
1700092800,248.8,254.25,247.65,252.35,22145147
1700179200,253.0,253.1,251.0,251.6,5618928
1700438400,251.0,255.4,250.3,251.05,6283832
1700524800,252.6,252.8,247.3,250.0,6851869
1700611200,250.8,254.0,249.35,253.65,5275418
1700697600,254.0,255.7,251.7,252.75,8200025
1700784000,253.3,256.85,253.0,253.9,7149443
1701129600,254.85,258.3,253.65,257.55,6151585
1701216000,259.55,259.55,256.1,258.4,8637363
1701302400,257.95,261.65,256.0,261.3,21687673
1701388800,262.35,275.45,261.75,268.95,29121320
1701648000,276.0,279.0,273.25,274.8,20464526
1701734400,275.2,286.55,272.8,285.45,18883076
1701820800,288.0,288.25,278.95,281.1,13415314
1701907200,281.85,288.25,281.3,283.8,25133786
1701993600,286.45,291.9,281.0,285.05,20815064
1702252800,286.05,288.5,284.4,287.3,8071675
1702339200,287.45,288.6,280.85,283.4,8640883
1702425600,284.75,294.9,284.5,294.05,23629670
1702512000,297.75,298.5,293.6,295.4,24900443
1702598400,298.0,307.0,295.0,305.1,28843558
1702857600,306.0,306.55,301.75,303.2,13307504
1702944000,305.0,312.5,302.5,309.65,15650536
1703030400,312.5,313.35,295.15,297.65,23497233
1703116800,295.8,303.15,293.2,301.95,17868637
1703203200,304.0,308.95,299.6,302.8,15207726
1703548800,306.45,310.7,304.6,309.6,9917180
1703635200,311.6,312.25,303.55,306.05,12630732
1703721600,309.1,315.5,307.75,313.9,37591916
1703808000,314.35,314.35,308.15,311.15,12682889
1704067200,312.0,313.3,307.8,309.75,8024960
1704153600,310.8,310.8,302.05,306.0,13506040
1704240000,307.2,308.0,303.3,306.2,14259987
1704326400,310.9,321.75,308.6,317.1,40057506
1704412800,322.9,325.65,312.7,314.95,27456415
1704672000,316.45,318.35,312.6,316.45,10136462
1704758400,317.85,321.45,316.05,319.75,12229517
1704844800,319.65,319.75,308.0,313.35,14455000
1704931200,314.95,317.3,312.35,312.9,10316319
1705017600,315.2,315.3,309.7,312.65,12341629
1705276800,314.9,318.0,309.6,317.3,9706124
1705363200,317.25,317.25,310.15,311.5,10162832
1705449600,309.75,314.1,307.1,309.3,13502940
1705536000,308.95,311.3,296.55,299.3,32481018
1705622400,303.8,309.45,301.7,308.45,28651237
1705708800,309.95,314.85,306.25,308.2,10652125
1705968000,313.45,315.3,300.3,302.6,21652362
1706054400,302.95,310.7,298.25,308.85,23922028
1706140800,310.0,317.2,309.2,314.75,32525422
1706486400,317.8,325.75,316.15,324.55,24694773
1706572800,321.85,323.95,314.5,315.45,20918448
1706659200,318.55,320.0,312.6,317.5,20931224
1706745600,320.05,326.95,317.1,322.0,24020951
1706832000,324.0,333.7,323.1,332.5,32346639
1707091200,338.0,341.05,333.05,336.1,19651482
1707177600,336.0,336.0,329.0,334.2,12024661
1707264000,337.9,337.9,329.65,330.7,8080437
1707350400,333.95,335.25,328.0,330.9,17754869
1707436800,332.95,335.0,319.6,324.9,18304439
1707696000,326.15,326.7,314.5,316.15,11714289
1707782400,318.55,323.95,315.9,321.55,15426888
1707868800,320.9,329.35,318.35,328.0,14085723
1707955200,331.0,340.9,330.15,339.25,21973316
1708041600,341.9,342.95,336.8,337.75,20307449
1708300800,340.4,341.9,337.5,338.75,8496898
1708387200,340.6,346.5,337.8,345.7,19340526
1708473600,347.0,348.05,334.7,336.1,17751633
1708560000,339.0,340.25,330.6,339.55,16083122
1708646400,340.0,340.0,334.85,337.75,9665454
1708905600,338.0,338.5,334.55,337.6,7711995
1708992000,336.1,338.0,334.1,336.1,8882923
1709078400,335.7,336.5,331.8,333.3,12977628
1709164800,333.3,336.0,330.6,335.6,13149469
1709251200,335.6,344.35,335.0,343.5,13027254
1709337600,344.3,345.0,334.3,341.75,596184
1709510400,348.0,358.3,345.75,353.85,38075510
1709596800,354.9,359.95,353.55,358.25,15918221
1709683200,359.45,359.45,345.0,351.95,13120921
1709769600,352.0,353.9,349.7,352.2,9172926
1710115200,352.25,353.15,346.7,347.95,10664917
1710201600,348.0,349.45,342.55,344.75,9637912
1710288000,343.85,344.5,319.5,322.5,23722232
1710374400,321.05,326.95,316.5,321.85,20859127
1710460800,322.65,326.05,305.75,316.3,43285007
1710720000,317.1,322.9,314.95,317.15,13690352
1710806400,314.3,317.9,310.1,313.45,13388060
1710892800,316.0,317.45,308.3,313.65,10026655
1710979200,317.25,326.35,317.0,325.0,23370426
1711065600,324.5,327.25,321.15,324.75,14709219
1711411200,320.1,330.3,320.1,329.1,11208959
1711497600,332.0,334.1,326.3,331.6,45209520
1711584000,331.9,340.0,330.3,335.8,19868037
1711929600,339.0,344.4,336.15,342.35,8580656
1712016000,343.0,345.6,340.75,344.8,9745257
1712102400,344.35,354.1,342.0,351.25,21679943
1712188800,355.0,362.7,352.65,354.65,28962927
1712275200,356.4,358.2,351.55,354.55,11208130
1712534400,355.6,366.0,353.25,363.5,11447140
1712620800,365.0,366.9,360.35,362.9,10010148
1712707200,364.1,368.35,361.35,362.5,12886638
1712880000,362.5,374.5,361.0,361.75,30924494
1713139200,355.5,366.0,352.8,361.15,18126999
1713225600,361.0,361.95,354.6,359.25,15328939
1713398400,359.55,361.25,349.2,351.15,22966560
1713484800,343.1,352.4,343.0,350.55,12867942
1713744000,355.0,355.0,341.9,342.9,37382916
1713830400,346.0,348.65,344.0,347.15,14651106
1713916800,349.8,353.15,347.3,351.65,11132307
1714003200,351.0,360.6,349.1,359.2,19865014
1714089600,360.7,361.4,355.0,356.0,10986589
1714348800,359.7,363.65,356.95,363.0,13652173
1714435200,364.95,365.45,359.3,363.2,14566548
1714608000,363.2,372.6,363.2,369.05,27892188
1714694400,372.3,380.4,360.35,364.95,26844664
1714953600,367.8,368.85,354.4,356.8,15319437
1715040000,358.25,358.45,346.85,349.15,10028071
1715126400,345.2,358.5,345.2,355.45,9595776
1715212800,356.5,358.0,344.85,346.05,9043486
1715299200,347.65,356.35,347.55,355.5,11699095
1715558400,355.5,356.0,346.5,350.9,10691781
1715644800,350.55,357.25,350.3,355.8,10891985
1715731200,357.5,363.5,356.65,361.35,8538183
1715817600,363.85,363.85,353.05,361.45,13114162
1715904000,362.45,366.5,360.35,365.45,8509179
1715990400,367.95,368.0,365.0,366.3,1050300
1716249600,367.0,374.1,365.35,372.0,10939593
1716336000,375.0,377.35,370.6,373.85,14001806
1716422400,375.05,375.6,369.5,372.3,15370357
1716508800,373.0,378.15,368.7,374.95,13317821
1716768000,379.95,380.5,368.0,369.65,21891930
1716854400,372.6,373.25,364.1,365.4,10200096
1716940800,361.5,366.35,360.0,364.6,18146672
1717027200,364.0,364.8,357.15,359.7,14425073
1717113600,363.45,366.65,355.5,359.0,30515612
1717372800,385.0,393.2,373.45,391.8,39261174
1717459200,391.9,391.9,313.95,331.25,84042244
1717545600,340.0,342.25,315.3,341.0,46418629
1717632000,347.8,359.75,345.0,349.75,33171039
1717718400,352.0,362.0,347.7,360.6,23930193
1717977600,365.0,370.1,361.8,364.9,16072588
1718064000,368.75,371.95,364.9,367.4,11235777
1718150400,369.55,374.0,365.4,371.3,12134524
1718236800,376.4,376.4,367.95,369.95,11243702
1718323200,370.0,370.85,366.1,368.45,10298434
1718668800,371.8,372.25,368.7,369.65,10228382
1718755200,369.8,370.9,361.55,362.5,8337334
1718841600,362.5,364.9,357.05,357.65,14338604
1718928000,359.95,362.95,356.75,359.8,17931844
1719187200,357.6,364.65,355.55,362.75,9335598
1719273600,364.25,364.7,357.75,360.85,14983828
1719360000,363.0,366.9,359.65,365.05,15918394
1719446400,365.05,381.1,364.1,377.15,55378829
1719532800,377.95,389.5,376.7,378.35,25141039
1719792000,381.75,382.0,367.8,369.75,23389211
1719878400,372.6,372.6,365.15,370.4,13702830
1719964800,370.55,374.25,368.65,372.65,9207317
1720051200,373.9,380.85,371.75,372.95,14916930
1720137600,374.35,381.25,371.0,379.8,15946104
1720396800,380.85,381.25,376.15,377.45,8898299
1720483200,379.2,380.25,375.05,377.05,8355819
1720569600,378.8,383.8,370.0,381.4,17715196
1720656000,382.4,383.3,374.6,377.1,19873143
1720742400,378.95,379.4,372.0,377.15,16151583
1721001600,378.6,388.95,376.9,385.65,22951140
1721088000,386.65,388.75,380.0,380.45,11893034
1721260800,382.9,382.9,374.2,377.75,15709153
1721347200,377.75,378.0,362.9,364.65,13330099
1721606400,364.75,377.25,362.35,373.5,18715538
1721692800,376.7,385.65,361.55,382.45,49882257
1721779200,384.1,395.0,381.7,392.6,36868466
1721865600,390.95,396.3,386.25,392.15,25973101
1721952000,394.95,399.5,389.7,396.3,20381410
1722211200,404.0,408.3,392.65,393.9,27751449
1722297600,397.0,412.7,397.0,406.95,34447139
1722384000,409.5,417.4,408.55,416.0,29727771
1722470400,419.9,424.35,415.6,423.45,28803487
1722556800,416.25,426.3,413.35,419.7,24233263
1722816000,407.65,415.65,404.65,413.25,42489503
1722902400,413.25,424.95,413.25,415.0,18230579
1722988800,421.0,421.0,415.0,416.3,15556736
1723075200,416.35,417.0,405.8,407.7,16447385
1723161600,413.8,416.35,408.2,410.65,10954753
1723420800,410.0,410.0,400.1,400.85,26254763
1723507200,403.0,404.5,395.0,396.2,11355664
1723593600,398.9,400.0,393.65,396.35,9424614
1723766400,398.05,400.95,393.3,398.05,13844122
1724025600,402.3,407.5,401.45,403.1,10677045
1724112000,404.55,408.2,403.1,406.25,10126083
1724198400,407.5,409.7,405.2,408.95,9726854
1724284800,409.8,410.05,402.25,403.35,10445288
1724371200,403.35,405.9,399.55,401.95,11513586
1724630400,402.45,415.95,401.95,414.85,13772637
1724716800,415.5,416.2,409.1,409.65,8441188
1724803200,410.05,414.4,407.35,409.05,15884745
1724889600,409.05,412.6,403.75,409.9,19014705
1724976000,412.7,419.2,411.5,416.2,22633988
1725235200,417.8,419.1,407.7,410.0,11107165
1725321600,410.5,411.55,405.6,406.4,7538160
1725408000,400.0,408.25,399.9,405.1,11052003
1725494400,405.35,408.4,401.85,403.25,14246871
1725580800,403.25,404.65,392.7,394.8,17956121
1725840000,391.2,392.75,385.3,389.85,12293356
1725926400,390.1,399.4,389.75,396.3,15852309
1726012800,399.0,399.3,387.5,389.65,11492592
1726099200,391.0,406.25,390.65,404.85,24028069
1726185600,404.85,407.3,399.35,401.4,12017217
1726444800,402.45,412.0,402.0,411.1,11479712
1726531200,411.85,417.65,410.1,416.3,14432501
1726617600,418.5,419.75,413.0,414.15,10303840
1726704000,424.0,431.85,420.55,423.95,59601773
1726790400,428.05,429.85,416.55,423.95,36084164
1727049600,427.5,430.5,425.0,428.35,14139629
1727136000,431.45,431.45,427.0,428.1,12539885
1727222400,428.1,437.0,425.65,436.1,19443168
1727308800,437.95,437.95,430.55,434.6,20041825
1727395200,436.0,442.5,433.5,436.9,53885913
1727654400,436.9,448.45,433.6,443.2,20903229
1727740800,446.0,447.75,438.8,440.1,15984996
1727913600,432.0,442.5,432.0,435.35,13563784
1728000000,432.9,439.35,426.3,430.45,18347292
1728259200,430.6,433.0,409.05,415.45,23431004
1728345600,414.0,427.7,411.3,420.95,18706355
1728432000,424.45,424.75,417.0,418.45,13916492
1728518400,420.7,429.9,420.5,422.7,15866037
1728604800,423.95,426.65,419.6,422.5,8639087
1728864000,424.6,426.0,420.0,424.5,8483177
1728950400,426.65,427.2,423.55,426.6,9365964
1729036800,425.3,429.4,421.25,424.25,6219440
1729123200,423.65,425.6,416.6,417.75,11968387
1729209600,417.7,425.95,414.45,424.95,8828971
1729468800,426.05,428.75,419.1,425.0,9139781
1729555200,422.85,426.3,413.45,415.75,14242323
1729641600,414.0,414.75,401.7,408.3,22522821
1729728000,409.25,415.25,406.8,411.9,9400171
1729814400,402.5,407.5,391.6,398.9,19642277
1730073600,398.9,406.5,397.8,403.9,11716022
1730160000,409.0,414.3,404.45,412.15,20284308
1730246400,414.15,414.8,405.8,408.5,12264297
1730332800,409.0,410.65,403.5,408.15,12204072
1730419200,412.0,415.45,410.35,411.35,2145479
1730678400,413.85,414.3,393.7,400.95,13866505
1730764800,400.0,404.1,397.15,403.1,6665326
1730851200,406.7,410.8,403.15,408.9,9700643
1730937600,410.9,410.9,402.0,403.8,7589295
1731024000,403.15,404.2,395.55,397.65,7536509
1731283200,398.15,400.9,391.8,392.55,12243693
1731369600,393.15,394.8,379.05,380.3,10549517
1731456000,384.0,387.6,379.35,381.35,20602407
1731542400,380.05,385.2,371.35,372.5,15086601
1731888000,380.0,380.0,362.65,366.7,16383636
1731974400,368.0,378.5,365.05,366.7,17055094
1732147200,363.7,364.35,354.8,356.15,21276150
1732233600,357.05,367.1,355.7,365.45,15949254
1732492800,374.0,377.2,367.5,368.4,18388844
1732579200,370.0,370.4,360.25,361.65,11222231
1732665600,363.8,371.6,361.35,369.3,14225274
1732752000,369.7,371.85,359.6,362.05,16837860
1732838400,363.25,365.4,360.2,363.65,14280017
1733097600,363.65,363.9,357.0,358.2,12510350
1733184000,359.0,370.0,358.2,367.45,14205760
1733270400,368.95,375.15,368.0,372.75,22035954
1733356800,372.75,373.95,364.4,369.15,18758283
1733443200,369.45,371.2,368.05,369.5,9736086
1733702400,370.9,373.3,367.75,369.85,10878679
1733788800,369.0,371.2,366.4,369.15,7913822
1733875200,369.25,370.75,364.7,365.5,9998662
1733961600,366.0,367.0,353.0,355.6,22538216
1734048000,355.75,358.3,348.05,357.15,14269143
1734307200,357.15,358.9,351.7,352.9,12168143
1734393600,352.0,353.85,347.25,349.05,15646176
1734480000,349.55,351.0,340.0,341.75,14672392
1734566400,337.0,340.6,335.05,337.4,14513129
1734652800,337.8,343.9,331.0,333.25,20375797
1734912000,335.9,338.25,330.5,333.65,8884187
1734998400,335.1,336.85,331.75,335.3,7755462
1735171200,335.3,337.4,332.25,334.65,9030212
1735257600,336.65,340.0,334.2,335.0,9090597
1735516800,335.0,336.8,327.4,331.4,36657549
1735603200,330.1,334.6,326.2,333.35,8580998
